time,price_ltc
1368936000,3.1491
1369022400,
1369108800,
1369195200,3.06
1369281600,3.05
1369368000,3.05
1369454400,3.05
1369540800,3.15
1369627200,3.15
1369713600,3.05
1369800000,3.069
1369886400,2.88
1369972800,2.72
1370059200,2.83
1370145600,2.83
1370232000,2.83
1370318400,2.83
1370404800,2.8
1370491200,2.81
1370577600,2.795
1370664000,2.6
1370750400,2.348333333333333
1370836800,2.25
1370923200,2.4599
1371009600,2.35
1371096000,2.4
1371182400,2.3
1371268800,2.16
1371355200,2.15
1371441600,2.395
1371528000,2.37810101
1371614400,2.36
1371700800,2.2
1371787200,2.6525
1371873600,3.03
1371960000,2.999
1372046400,2.09
1372132800,2.401
1372219200,2.555
1372305600,2.74
1372392000,2.356666666666667
1372478400,2.31
1372564800,2.6214
1372651200,2.664
1372737600,2.61
1372824000,2.5250000000000004
1372910400,2.6599
1372996800,2.3200000000000003
1373083200,2.3
1373169600,2.5
1373256000,2.3501
1373342400,2.65
1373428800,2.8
1373515200,2.7
1373601600,2.6575
1373688000,2.59
1373774400,2.56
1373860800,2.74
1373947200,2.83
1374033600,2.82
1374120000,2.6010000000000004
1374206400,2.799
1374292800,2.799428571428572
1374379200,2.651
1374465600,2.9
1374552000,2.71
1374638400,2.84
1374724800,2.721
1374811200,2.7015
1374897600,
1374984000,2.86
1375070400,2.65
1375156800,2.59
1375243200,2.58
1375329600,2.6
1375416000,2.67
1375502400,2.67
1375588800,2.705
1375675200,2.64
1375761600,2.65
1375848000,2.54375
1375934400,2.59
1376020800,2.45
1376107200,2.32
1376193600,2.35
1376280000,2.31
1376366400,2.44
1376452800,2.39
1376539200,2.41
1376625600,2.37
1376712000,2.38
1376798400,2.39
1376884800,2.4
1376971200,2.35
1377057600,2.37
1377144000,2.35
1377230400,2.55
1377316800,2.4
1377403200,2.3
1377489600,2.48
1377576000,2.3201
1377662400,2.3901
1377748800,2.3901
1377835200,2.4001
1377921600,2.41
1378008000,2.3833333333333333
1378094400,2.41
1378180800,2.4
1378267200,2.546666666666667
1378353600,2.5805
1378440000,2.6
1378526400,2.66
1378612800,2.62
1378699200,2.57
1378785600,2.51
1378872000,
1378958400,2.54
1379044800,2.4
1379131200,2.52
1379217600,2.649995
1379304000,2.61
1379390400,2.55
1379476800,2.5
1379563200,2.5
1379649600,2.5499
1379736000,2.43
1379822400,2.42
1379908800,2.4
1379995200,2.33
1380081600,2.25
1380168000,2.34
1380254400,2.3
1380340800,1.975
1380427200,2.1
1380513600,2.25
1380600000,2.34505
1380686400,1.85
1380772800,2.13999
1380859200,2.06
1380945600,2
1381032000,1.992
1381118400,1.99
1381204800,1.9316666666666664
1381291200,1.84
1381377600,1.92
1381464000,1.93
1381550400,1.9545
1381636800,2.03
1381723200,1.96
1381809600,1.89
1381896000,1.84
1381982400,1.8151428571428572
1382068800,1.96
1382155200,1.771
1382241600,1.85
1382328000,1.714
1382414400,1.65
1382500800,2.19
1382587200,2.135
1382673600,2.1667
1382760000,2.06
1382846400,2.13
1382932800,2.07
1383019200,2.092116
1383105600,2.25
1383192000,2.285
1383278400,2.4
1383364800,2.5701
1383451200,2.87
1383541200,3.011
1383627600,2.91
1383714000,3.35
1383800400,4.22
1383886800,4.521
1383973200,4.113333333333333
1384059600,3.9
1384146000,4.008
1384232400,4.0539999999999985
1384318800,4.0299999999999985
1384405200,4.17
1384491600,3.9
1384578000,4.0442
1384664400,4.051
1384750800,9.3
1384837200,7.74
1384923600,8.35
1385010000,9.889
1385096400,10.15
1385182800,11.645
1385269200,10.85
1385355600,12.012499995
1385442000,19.65
1385528400,37.59888888888889
1385614800,40.03333333333333
1385701200,36.567142857142855
1385787600,39.5
1385874000,32.923784999999995
1385960400,33.61006666666667
1386046800,37.33
1386133200,43.81333333333333
1386219600,38.74
1386306000,29.99
1386392400,21.809
1386478800,26.695555555555554
1386565200,31.14
1386651600,35.13
1386738000,31.0225
1386824400,30.99
1386910800,30.570000000000004
1386997200,29.218000000000004
1387083600,30.89
1387170000,24.278000000000002
1387256400,22.22
1387342800,13.47
1387429200,20.08633333333333
1387515600,17.34
1387602000,16.267599999999998
1387688400,16.255499999999998
1387774800,17.5
1387861200,16.8005
1387947600,20.947142857142858
1388034000,23.844
1388120400,22.43
1388206800,21.601999999999997
1388293200,23.16
1388379600,23.5
1388466000,23.8
1388552400,23.8
1388638800,25
1388725200,24.5
1388811600,24.45
1388898000,26.351
1388984400,28.59
1389070800,22.214142857142853
1389157200,23.7355
1389243600,23.783666666666665
1389330000,24.69333333333333
1389416400,26.66
1389502800,24.552
1389589200,23.67
1389675600,23.639995000000003
1389762000,24.678
1389848400,23.53
1389934800,23.19
1390021200,23.8
1390107600,24.2
1390194000,24.08
1390280400,23.775
1390366800,23.12
1390453200,22.00025
1390539600,19.910333666666666
1390626000,21.7
1390712400,22.150187755
1390798800,19.52283333333333
1390885200,20.6135
1390971600,20.796333333333333
1391058000,20.93316666833333
1391144400,21.06000001
1391230800,22.322493485
1391317200,22.2
1391403600,21.53000001
1391490000,21.131
1391576400,20.516666666666666
1391662800,19.762
1391749200,18.1
1391835600,17.914
1391922000,18.215
1392008400,17.58
1392094800,17.49000000166667
1392181200,17.133666666666667
1392267600,15.5435
1392354000,16.945
1392440400,16.31900001
1392526800,15.94
1392613200,15.8
1392699600,15.8005
1392786000,15.94000001
1392872400,14.162727272727276
1392958800,14.3699998
1393045200,15.446666658333333
1393131600,15.634
1393218000,14.302785714285715
1393304400,13.9499
1393390800,14.38999999375
1393477200,14.45
1393563600,13.5
1393650000,13.79
1393736400,12.85249975
1393822800,14.7955625
1393909200,17.290999313125006
1393995600,16.73
1394082000,17.06879999
1394168400,15.989
1394254800,15.7
1394341200,16.442000229999998
1394424000,16.2
1394510400,16.3
1394596800,17.360555555555564
1394683200,17.41
1394769600,16.80000001
1394856000,17.03
1394942400,17.600000002
1395028800,17.44
1395115200,19.708777721666664
1395201600,17.462702413333336
1395288000,16.603874627499998
1395374400,15.788232699999998
1395460800,15.778725
1395547200,15.4225
1395633600,16.169999996666668
1395720000,16.4
1395806400,16.34
1395892800,12.763016538461535
1395979200,13.82925
1396065600,13.55
1396152000,13.147142857142857
1396238400,12.78
1396324800,13.1337
1396411200,11.38355
1396497600,11.0961
1396584000,11.1559
1396670400,11.38797142857143
1396756800,11.75
1396843200,11.28625
1396929600,11.374349995
1397016000,11.200075
1397102400,8.473025
1397188800,10.795320000999997
1397275200,10.641001
1397361600,10.5
1397448000,11.411
1397534400,13.04
1397620800,13.52
1397707200,12.5602
1397793600,12.25
1397880000,13.1
1397966400,12.50971875
1398052800,12.345
1398139200,11.8194487804878
1398225600,11.992057142857142
1398312000,12.46406153846154
1398398400,11.0178444
1398484800,10.639166555555557
1398571200,9.914231913701343
1398657600,10.073118181818181
1398744000,10.3325
1398830400,10.923625
1398916800,11.03312
1399003200,10.3905
1399089600,10.314666666666668
1399176000,10.308666666666667
1399262400,10.21091932849365
1399348800,10.25
1399435200,10.408999999999997
1399521600,10.42256
1399608000,10.743527272727272
1399694400,10.614
1399780800,10.3
1399867200,10.350366666666666
1399953600,10.36
1400040000,10.3764
1400126400,10.421285714285714
1400212800,10.29010606060606
1400299200,10.25
1400385600,10.35135918726189
1400472000,10.2112
1400558400,10.6359
1400644800,10.522625
1400731200,10.663394798684216
1400817600,11.133969230769226
1400904000,11.089016666666666
1400990400,11.542714285714286
1401076800,11.613499999999998
1401163200,11.2495
1401249600,11.1
1401336000,10.79075
1401422400,11.5
1401508800,11.061333333333332
1401595200,11.109000000000002
1401681600,11.5655
1401768000,11.662
1401854400,11.1585
1401940800,11.395
1402027200,11.033500000000002
1402113600,10.990000000000002
1402200000,11.1695
1402286400,11.08981
1402372800,10.930699999999998
1402459200,10.768706249999996
1402545600,10.027733333333334
1402632000,10.178008333333333
1402718400,9.879701111111109
1402804800,9.89
1402891200,9.741235000000001
1402977600,9.519534
1403064000,9.53144
1403150400,9.89112063302622
1403236800,9.8233
1403323200,9.721275
1403409600,9.67543
1403496000,9.609985714285713
1403582400,9.500242307692307
1403668800,9.095
1403755200,8.986723333333332
1403841600,9.20225
1403928000,9.07961
1404014400,8.87854
1404100800,8.928003103393971
1404187200,7.760685657574282
1404273600,8.182749999999999
1404360000,7.91
1404446400,7.280501666666668
1404532800,7.2678552
1404619200,7.0927912499999985
1404705600,7.5838714285714275
1404792000,7.688661232351098
1404878400,7.70466
1404964800,7.71801
1405051200,7.788201666666668
1405137600,8.593449999999999
1405224000,8.893360000000003
1405310400,8.657096666666668
1405396800,8.64
1405483200,8.332317010793856
1405569600,8.710783333333334
1405656000,8.75
1405742400,8.70663
1405828800,8.542
1405915200,8.552724000000001
1406001600,8.49978264803726
1406088000,8.387960000000001
1406174400,7.779116
1406260800,7.5571720000000004
1406347200,7.65
1406433600,7.747755000000001
1406520000,7.7189999999999985
1406606400,7.596839999999999
1406692800,7.229935
1406779200,7.533728571428571
1406865600,7.7814999999999985
1406952000,7.5688
1407038400,7.460159999999999
1407124800,7.386067142857142
1407211200,7.212578249160451
1407297600,7.14756
1407384000,7.14211111111111
1407470400,6.996366666666668
1407556800,6.891094285714287
1407643200,6.904498333333333
1407729600,6.053594775267737
1407816000,5.6486657142857135
1407902400,4.9971128571428585
1407988800,5.0474935714285705
1408075200,5.051666666666666
1408161600,4.964331111111111
1408248000,4.32710721066812
1408334400,3.631293571428572
1408420800,4.651182778159418
1408507200,5.494134852148812
1408593600,5.771082383203414
1408680000,5.22377547169811
1408766400,4.892563212803267
1408852800,5.397570909090909
1408939200,5.211213333333333
1409025600,5.528574285714287
1409112000,5.3690750000000005
1409198400,5.252944999999999
1409284800,5.34765
1409371200,5.181892666666666
1409457600,4.83903
1409544000,4.704088290851338
1409630400,4.801994285714286
1409716800,4.874666666666666
1409803200,5.152845833333334
1409889600,4.95294
1409976000,4.9510000000000005
1410062400,5.136370952380951
1410148800,5.043451666666667
1410235200,4.8052800000000016
1410321600,5.327216000000001
1410408000,5.4208
1410494400,5.309411333333333
1410580800,5.4
1410667200,5.4235000000000015
1410753600,5.129733
1410840000,5.015
1410926400,4.96166
1411012800,4.6183000000000005
1411099200,4.282699999999998
1411185600,4.219644999999999
1411272000,4.08636
1411358400,4.288633157894736
1411444800,4.7373781818181815
1411531200,4.660554166666668
1411617600,4.507313403245941
1411704000,4.453633636363637
1411790400,4.417891666666668
1411876800,4.197585
1411963200,4.22079623015873
1412049600,4.46324
1412136000,4.3906
1412222400,4.280217777777779
1412308800,4.0218300000000005
1412395200,3.9380000000000006
1412481600,3.712311133141786
1412568000,3.7703968421052636
1412654400,3.816638
1412740800,3.921416666666666
1412827200,3.840002987041768
1412913600,3.7961
1413000000,3.762696428571428
1413086400,3.89051671502336
1413172800,3.856785
1413259200,4.069025
1413345600,3.9947142857142857
1413432000,3.98034
1413518400,3.976
1413604800,4.04215
1413691200,3.95225
1413777600,3.884328571428571
1413864000,3.905
1413950400,3.828230000000001
1414036800,3.69865
1414123200,3.7139103448231583
1414209600,3.6226
1414296000,3.715953333333333
1414382400,3.783225
1414468800,3.8016666666666667
1414555200,3.6850529166666672
1414641600,3.7786
1414728000,3.730983333333333
1414814400,3.546891111111111
1414900800,3.57
1414990800,3.561628333333333
1415077200,3.604156666666667
1415163600,3.62
1415250000,3.633127
1415336400,3.5414800000000004
1415422800,3.536
1415509200,
1415595600,
1415682000,
1415768400,4.030510169491524
1415854800,4.07981111111111
1415941200,3.949726666666667
1416027600,3.844466666666667
1416114000,3.90665
1416200400,3.8485400000000003
1416286800,3.71982
1416373200,3.771425
1416459600,3.58815
1416546000,3.445785555555556
1416632400,3.490123333333333
1416718800,3.5806459999999998
1416805200,3.6077188888888885
1416891600,3.5410000000000004
1416978000,3.5440000000000005
1417064400,3.518966666666667
1417150800,3.56
1417237200,3.5340625
1417323600,3.5336666666666665
1417410000,3.5463750000000003
1417496400,3.5966099999999996
1417582800,3.543
1417669200,3.5357000000000003
1417755600,3.5437
1417842000,3.634
1417928400,3.6498666666666666
1418014800,3.6137968750000007
1418101200,3.502
1418187600,3.4513
1418274000,3.41969
1418360400,3.41215
1418446800,3.4216333333333337
1418533200,3.445135
1418619600,3.386
1418706000,2.9907202492998963
1418792400,2.93157
1418878800,2.8080000000000003
1418965200,2.8480000000000003
1419051600,2.9303
1419138000,2.817
1419224400,2.8520000000000003
1419310800,2.84011
1419397200,2.707133333333333
1419483600,2.7
1419570000,2.768
1419656400,2.6987359397408306
1419742800,2.7
1419829200,2.687
1419915600,2.6965000000000003
1420002000,2.7571833333333338
1420088400,2.69
1420174800,2.65552
1420261200,2.1181198931502694
1420347600,1.96343
1420434000,2.07859
1420520400,2.1276525000000004
1420606800,2.1536285714285714
1420693200,2.0194
1420779600,2.0016960000000004
1420866000,1.6569668421052632
1420952400,1.7478580952380949
1421038800,1.7054999999999998
1421125200,1.5500679461912577
1421211600,1.1429994580296217
1421298000,1.2829585714285712
1421384400,1.3959625
1421470800,1.29523
1421557200,1.3605142857142858
1421643600,1.355
1421730000,1.31998
1421816400,1.361033333333333
1421902800,1.41215
1421989200,1.4289857142857143
1422075600,1.8357185185185183
1422162000,2.236
1422248400,2.07903856467447
1422334800,2.04598
1422421200,1.7967670000000002
1422507600,1.881
1422594000,1.8756171184802672
1422680400,1.8537138461538456
1422766800,1.8168
1422853200,1.8519502530567533
1422939600,1.7921428571428577
1423026000,1.78351
1423112400,1.7322371969057078
1423198800,1.7553533333333335
1423285200,1.7898199999999995
1423371600,1.766
1423458000,1.7251666666666663
1423544400,1.7717700000000003
1423630800,1.7279999999999998
1423717200,1.72877
1423803600,1.802018
1423890000,1.941682857142857
1423976400,1.8320176923076918
1424062800,1.78025
1424149200,1.837335
1424235600,1.798
1424322000,1.82755
1424408400,1.8060000000000005
1424494800,1.79352
1424581200,1.756
1424667600,1.7756680000000002
1424754000,1.77001
1424840400,1.7619999999999998
1424926800,1.759
1425013200,1.81
1425099600,1.7948099999999998
1425186000,1.8982
1425272400,1.9293045454545452
1425358800,1.94636
1425445200,1.908625
1425531600,1.89
1425618000,1.8867
1425704400,1.899
1425790800,1.881362
1425873600,1.9185
1425960000,1.98225
1426046400,2
1426132800,2.035486666666667
1426219200,1.9830022446160376
1426305600,1.948
1426392000,1.981
1426478400,2.01101
1426564800,1.9838166666666668
1426651200,1.7284425
1426737600,1.744
1426824000,1.7431841666666663
1426910400,1.74
1426996800,1.79
1427083200,1.7759999999999998
1427169600,1.6661414285714289
1427256000,1.6847437500000004
1427342400,1.68745
1427428800,1.680775
1427515200,1.6840000000000002
1427601600,1.63989
1427688000,1.663
1427774400,1.632
1427860800,1.6469999999999998
1427947200,1.66
1428033600,1.672
1428120000,1.66
1428206400,1.6796018181818182
1428292800,1.6466666666666665
1428379200,1.669
1428465600,1.6302
1428552000,1.5832
1428638400,1.4948164285714287
1428724800,1.4527298704062317
1428811200,1.42474
1428897600,1.3666785714285716
1428984000,1.3781307142857142
1429070400,1.3783849999999995
1429156800,1.4025999999999998
1429243200,1.4029999999999998
1429329600,1.395
1429416000,1.378414
1429502400,1.3836454545454544
1429588800,1.46104
1429675200,1.449175
1429761600,1.4432763636363637
1429848000,1.40312
1429934400,1.392
1430020800,1.3297475
1430107200,1.4107616666666667
1430193600,1.376275
1430280000,1.3769028194718094
1430366400,1.4530158333333334
1430452800,1.41756
1430539200,1.42842
1430625600,1.4409999999999998
1430712000,1.414213333333333
1430798400,1.4056666666666666
1430884800,1.39985
1430971200,1.4506666666666668
1431057600,1.491643103448275
1431144000,1.4402
1431230400,1.4423
1431316800,1.445
1431403200,1.4403899999999998
1431489600,1.4502818468417584
1431576000,1.44945
1431662400,1.4579
1431748800,1.4507433333333333
1431835200,1.45297
1431921600,1.4416
1432008000,1.44996
1432094400,1.469799032258065
1432180800,1.47267
1432267200,1.83653
1432353600,1.7866716666666669
1432440000,1.825
1432526400,1.7997523532858637
1432612800,1.81696
1432699200,1.84229375
1432785600,1.84717
1432872000,1.84203
1432958400,1.8
1433044800,1.6348346153846156
1433131200,1.617874166666667
1433217600,1.67020125
1433304000,1.69584118531925
1433390400,1.67
1433476800,1.7473333333333334
1433563200,1.7696266666666665
1433649600,1.7340666666666669
1433736000,1.7812799999999998
1433822400,1.806945028215574
1433908800,1.749
1433995200,1.7971400000000002
1434081600,1.80145
1434168000,1.88
1434254400,2.00602
1434340800,1.99357
1434427200,2.8897354716981134
1434513600,2.854924545454545
1434600000,3.0708
1434686400,2.7382420000000005
1434772800,3.032515217344486
1434859200,2.9939999999999998
1434945600,3.00001
1435032000,2.9695750000000003
1435118400,2.7771688698987558
1435204800,2.8425
1435291200,2.8651853846153843
1435377600,3.0791987500000007
1435464000,3.0921384195343036
1435550400,3.7358258333333354
1435636800,4.0991575000000005
1435723200,3.8967892307692313
1435809600,4.0560375
1435896000,4.0920999999999985
1435982400,4.138128181818183
1436068800,4.962674969367691
1436155200,5.375229817644598
1436241600,5.163211165299924
1436328000,6.420059022910997
1436414400,7.5609230323118926
1436500800,4.429550092556457
1436587200,4.295687388935832
1436673600,5.268892088039348
1436760000,4.649560867786487
1436846400,4.554576249999998
1436932800,4.131716222008782
1437019200,3.6682222682142216
1437105600,3.695689230769232
1437192000,3.936055
1437278400,3.6972893359777017
1437364800,3.9304602941176467
1437451200,3.74537625
1437537600,3.8581937604868304
1437624000,3.7413533333333335
1437710400,4.590702600860858
1437796800,4.5625849999999994
1437883200,4.650319230769231
1437969600,4.6093714285714285
1438056000,4.96183
1438142400,4.70034
1438228800,4.599036783923023
1438315200,4.6221778975085375
1438401600,4.162351467155158
1438488000,4.1849267723854116
1438574400,4.1578836130809185
1438660800,4.399505
1438747200,4.313326666666668
1438833600,4.040756
1438920000,4.17502428701526
1439006400,3.846543191229802
1439092800,3.85287
1439179200,3.9415793333333333
1439265600,4.158208172373289
1439352000,3.969504615384616
1439438400,3.81496
1439524800,4.03648705882353
1439611200,3.8865816666666655
1439697600,3.96595
1439784000,3.95698
1439870400,3.408608156981149
1439956800,3.444704
1440043200,3.573385
1440129600,3.5697
1440216000,3.507890757688723
1440302400,3.33311625
1440388800,3.018230776878238
1440475200,2.9337499835703555
1440561600,2.9313925
1440648000,2.8215133333333333
1440734400,2.865488
1440820800,2.8631923658308622
1440907200,2.8146585
1440993600,2.81822
1441080000,2.76642
1441166400,2.7652099999999997
1441252800,2.62293114719065
1441339200,2.6911166666666664
1441425600,2.91225
1441512000,2.9835928571428565
1441598400,3.009436428571429
1441684800,3.0413433333333337
1441771200,2.8989518750000003
1441857600,2.9290775
1441944000,2.9220599999999997
1442030400,2.7964669230769226
1442116800,2.816701
1442203200,2.8315599999999996
1442289600,2.782802
1442376000,2.77887
1442462400,2.900675454545455
1442548800,2.935086666666667
1442635200,2.84786
1442721600,2.82638
1442808000,2.768888571428572
1442894400,2.845157857142857
1442980800,2.8545975
1443067200,2.913798
1443153600,2.8526
1443240000,2.86132
1443326400,2.8503
1443412800,3.0355648338768813
1443499200,2.9439059259259266
1443585600,2.993025
1443672000,2.9864533333333334
1443758400,2.9551225
1443844800,2.99711
1443931200,2.9754
1444017600,3.035289673604638
1444104000,3.099
1444190400,3.017068333333334
1444276800,3.06877
1444363200,3.0752420000000003
1444449600,3.070965
1444536000,3.1145
1444622400,3.091335
1444708800,3.156257142857142
1444795200,3.1015333333333337
1444881600,3.0809922222222217
1444968000,3.0686166666666668
1445054400,2.998305
1445140800,2.96833
1445227200,3.01162
1445313600,3.0560916666666667
1445400000,3.034998
1445486400,3.0483075675675684
1445572800,3.04868
1445659200,3.0508176923076915
1445745600,3.0003379999999997
1445832000,3.0562220000000004
1445918400,3.070844
1446004800,3.0249669999999997
1446091200,3.661966944444445
1446177600,3.8242800000000003
1446264000,3.54799875
1446350400,3.599502623168131
1446440400,3.82467
1446526800,4.358059047619047
1446613200,4.004652694468982
1446699600,3.773819333333334
1446786000,3.4079519999999994
1446872400,3.4534442857142857
1446958800,3.329947826086957
1447045200,3.3054216666666663
1447131600,3.098740588235294
1447218000,2.9349672222222223
1447304400,3.2594681818181814
1447390800,3.2135908823529404
1447477200,3.1640999999999995
1447563600,3.0266581250000004
1447650000,3.1793260000000005
1447736400,3.167174
1447822800,3.162654166666668
1447909200,3.1243120000000006
1447995600,3.1014966666666663
1448082000,3.1279636842105254
1448168400,3.11674
1448254800,3.101986666666667
1448341200,3.08623
1448427600,3.360888119247699
1448514000,3.537687614138008
1448600400,3.52259625
1448686800,3.504226
1448773200,3.646485714285714
1448859600,3.56737
1448946000,3.4070400000000003
1449032400,3.323049994884036
1449118800,3.3397933333333327
1449205200,3.3233
1449291600,3.4632668181818183
1449378000,3.4142528947368413
1449464400,3.550186666666667
1449550800,3.7108545473791303
1449637200,3.6321866666666667
1449723600,3.619
1449810000,3.8308417849851586
1449896400,3.5846709758795066
1449982800,3.521201333333333
1450069200,3.572983333333333
1450155600,3.7414016666666665
1450242000,3.6002708333333335
1450328400,3.691543202892421
1450414800,3.6807366666666663
1450501200,3.684036666666666
1450587600,3.496939957024715
1450674000,3.423712727272728
1450760400,3.38869
1450846800,3.5547533333333328
1450933200,3.601695555555555
1451019600,3.568865
1451106000,3.4272313333333333
1451192400,3.4880577777777777
1451278800,3.448525
1451365200,3.4911504258875583
1451451600,3.45
1451538000,3.455
1451624400,3.5189
1451710800,3.47
1451797200,3.45202
1451883600,3.5050541666666657
1451970000,3.47289
1452056400,3.44549
1452142800,3.62
1452229200,3.54332
1452315600,3.53
1452402000,3.5292175
1452488400,3.54576
1452574800,3.483881056599964
1452661200,3.48004
1452747600,3.4894300000000005
1452834000,2.9841553815273825
1452920400,3.082461086956522
1453006800,2.9994622222222223
1453093200,3.0351
1453179600,3.0170055555555555
1453266000,3.3779626315789466
1453352400,3.2286799999999998
1453438800,3.109995
1453525200,3.13
1453611600,3.17495
1453698000,3.14
1453784400,3.13455
1453870800,3.2878
1453957200,3.114555
1454043600,3.101395
1454130000,3.09222
1454216400,3.0317733333333337
1454302800,3.10353
1454389200,3.053
1454475600,3.0408130000000004
1454562000,3.15166
1454648400,3.113
1454734800,3.05
1454821200,3.0481
1454907600,3.075537142857143
1454994000,3.0815599999999996
1455080400,3.1
1455166800,3.09044
1455253200,3.111678571428572
1455339600,3.110118
1455426000,3.17995
1455512400,3.1301
1455598800,3.17099
1455685200,3.17947
1455771600,3.1900000000000004
1455858000,3.20111
1455944400,3.4232463636363644
1456030800,3.41
1456117200,3.45815
1456203600,3.384
1456290000,3.34
1456376400,3.34027
1456462800,3.4092510110899785
1456549200,3.4007
1456635600,3.407068
1456722000,3.3876
1456808400,3.37466
1456894800,3.3447288697887982
1456981200,3.302045
1457067600,3.227527414866094
1457154000,3.1882650000000003
1457240400,3.199005
1457326800,3.2434525451579823
1457413200,3.21888
1457499600,3.254890526315789
1457586000,3.24935
1457672400,3.365
1457758800,3.2824
1457845200,3.2812070000000007
1457928000,3.2807222222222223
1458014400,3.2929
1458100800,3.308496666666666
1458187200,3.28854
1458273600,3.17335
1458360000,3.1729966666666662
1458446400,3.19259
1458532800,3.171565
1458619200,3.2216683333333336
1458705600,3.21781
1458792000,3.209566666666667
1458878400,3.2132366666666665
1458964800,3.19378
1459051200,3.2625644444444446
1459137600,3.27
1459224000,3.222
1459310400,3.219
1459396800,3.2505
1459483200,3.225
1459569600,3.23641
1459656000,3.21606
1459742400,3.21698
1459828800,3.2125
1459915200,3.2110000000000003
1460001600,3.2022
1460088000,3.2324
1460174400,3.2021
1460260800,3.21
1460347200,3.217
1460433600,3.22329
1460520000,3.2124200000000003
1460606400,3.2145599999999996
1460692800,3.234
1460779200,3.26051
1460865600,3.22255
1460952000,3.23
1461038400,3.300025
1461124800,3.3015
1461211200,3.31992
1461297600,3.2510000000000003
1461384000,3.3579522222222216
1461470400,3.6462
1461556800,3.7639290909090906
1461643200,4.0331238888888885
1461729600,3.878936875
1461816000,3.72383
1461902400,3.77
1461988800,3.662275
1462075200,3.685
1462161600,3.67988
1462248000,3.738
1462334400,3.732549
1462420800,3.6910433333333335
1462507200,3.7504452941176467
1462593600,3.9155
1462680000,3.89685
1462766400,4.004055999999999
1462852800,3.809933333333333
1462939200,3.86
1463025600,3.85339
1463112000,3.91755
1463198400,4.0181
1463284800,4.0618375
1463371200,3.9900000000000015
1463457600,3.970056666666667
1463544000,3.99917
1463630400,3.8126908305589504
1463716800,3.8730075
1463803200,3.935832
1463889600,3.8383
1463976000,3.97184
1464062400,3.9421
1464148800,4.0604
1464235200,4.075645
1464321600,4.4084575
1464408000,4.366312857142858
1464494400,4.4566300000000005
1464580800,4.512230769230769
1464667200,4.5087775
1464753600,4.62
1464840000,4.7162
1464926400,4.772233333333333
1465012800,4.82
1465099200,4.7
1465185600,4.99629
1465272000,4.662802
1465358400,4.667
1465444800,4.6389999999999985
1465531200,4.81065
1465617600,4.918611764705883
1465704000,5.178112499999998
1465790400,5.2436181818181815
1465876800,5.0959666666666665
1465963200,5.234669999999999
1466049600,5.413914581549561
1466136000,5.76260434084944
1466222400,5.505330000000001
1466308800,5.435593333333332
1466395200,5.063795555555553
1466481600,4.70897
1466568000,3.799569487814148
1466654400,3.7989
1466740800,4.262028181818182
1466827200,4.0884
1466913600,3.95231
1467000000,4.0746060010757335
1467086400,3.9703
1467172800,3.96166
1467259200,4.098319999999998
1467345600,4.17662
1467432000,4.549066666666667
1467518400,4.21795
1467604800,4.5273
1467691200,4.3453
1467777600,4.37
1467864000,4.0300625
1467950400,4.1099
1468036800,4.05
1468123200,4.05
1468209600,4.04614
1468296000,4.076303333333333
1468382400,4.1147599999999995
1468468800,4.129955000000001
1468555200,4.09951
1468641600,4.16
1468728000,4.12036
1468814400,4.0624
1468900800,4.1006
1468987200,4.08
1469073600,4.1
1469160000,4.0360000000000005
1469246400,3.9889
1469332800,4.06187
1469419200,3.98835
1469505600,3.944
1469592000,3.93355
1469678400,3.99245
1469764800,4.0573266666666665
1469851200,4.0366
1469937600,3.93749
1470024000,3.8483388323236167
1470110400,3.64362825
1470196800,3.71672
1470283200,3.76822
1470369600,3.7480000000000016
1470456000,3.756
1470542400,3.78457
1470628800,3.7585
1470715200,3.71869
1470801600,3.72485
1470888000,3.7340199999999997
1470974400,3.6753617140475208
1471060800,3.7044
1471147200,3.6255242857142855
1471233600,3.5367381250000003
1471320000,3.621
1471406400,3.58666
1471492800,3.59287
1471579200,3.59696
1471665600,3.5979900000000002
1471752000,3.58796
1471838400,3.649408897423576
1471924800,3.934508823529411
1472011200,3.853698888888889
1472097600,3.790375
1472184000,3.8095
1472270400,3.7511550000000002
1472356800,3.7306175
1472443200,3.762935
1472529600,3.81058125
1472616000,3.82064
1472702400,3.841
1472788800,3.82608
1472875200,3.90288
1472961600,3.96011
1473048000,3.93366
1473134400,3.95
1473220800,3.9937666666666667
1473307200,4.01
1473393600,3.9529
1473480000,3.973230000000001
1473566400,3.870000000000001
1473652800,3.80371
1473739200,3.83933
1473825600,3.83
1473912000,3.8383183333333335
1473998400,3.8156
1474084800,3.81202
1474171200,3.81697
1474257600,3.78875
1474344000,3.815125216881509
1474430400,3.77
1474516800,3.75383
1474603200,3.83
1474689600,3.8237099999999997
1474776000,3.82
1474862400,3.86644
1474948800,3.85
1475035200,3.840435
1475121600,3.857658571428572
1475208000,3.81
1475294400,3.85
1475380800,3.8247
1475467200,3.8299999999999987
1475553600,3.815
1475640000,3.8104
1475726400,3.7983
1475812800,3.8500405
1475899200,3.82
1475985600,3.814645
1476072000,3.7873016666666666
1476158400,3.824258333333333
1476244800,3.791958
1476331200,3.87826
1476417600,3.875959
1476504000,3.93
1476590400,3.850005
1476676800,3.836
1476763200,3.826999
1476849600,3.79562
1476936000,3.77
1477022400,3.829999
1477108800,3.824101
1477195200,3.8798333333333335
1477281600,3.838847439661032
1477368000,3.8945953728813536
1477454400,3.9272827298969
1477540800,3.99101309375
1477627200,3.9369980000000004
1477713600,4.0200010000000015
1477800000,3.9512849166666673
1477886400,3.982533333333333
1477972800,4.049999333333333
1478059200,4.0520446250000015
1478145600,3.848112
1478232000,3.89
1478318400,3.91481
1478404800,3.827741935483867
1478494800,3.799999
1478581200,3.778
1478667600,3.802001
1478754000,3.771404
1478840400,3.85
1478926800,3.755002
1479013200,3.863056083333334
1479099600,3.8533333333333335
1479186000,3.838936
1479272400,3.87393025
1479358800,3.8656946666666654
1479445200,3.86673
1479531600,3.8853145
1479618000,3.89
1479704400,3.920802
1479790800,3.865948
1479877200,3.913598333333333
1479963600,3.8785445
1480050000,3.9003
1480136400,3.830275
1480222800,3.868624
1480309200,3.85101
1480395600,3.823886666666666
1480482000,3.83259061111111
1480568400,3.831
1480654800,3.889999
1480741200,3.865884
1480827600,3.868812
1480914000,3.4702398226509965
1481000400,3.4963940000000004
1481086800,3.6202353333333335
1481173200,3.67350039248404
1481259600,3.6639
1481346000,3.627429
1481432400,3.633197
1481518800,3.6058257692307696
1481605200,3.62
1481691600,3.5655
1481778000,3.59972405263158
1481864400,3.588999
1481950800,3.6611626666666655
1482037200,3.645999
1482123600,3.61104164
1482210000,3.62
1482296400,3.61000025
1482382800,3.611064
1482469200,4.5344756
1482555600,4.3599893750000005
1482642000,4.153302
1482728400,4.1058015
1482814800,4.3633
1482901200,4.3480002
1482987600,4.3531130000000005
1483074000,4.3306805
1483160400,4.162514
1483246800,4.320906000000001
1483333200,4.42659408695652
1483419600,4.437427333333334
1483506000,4.472713819612738
1483592400,4.075179333333334
1483678800,3.6703775000000007
1483765200,3.711277
1483851600,3.8049839999999997
1483938000,4.189665857142857
1484024400,4.438408407407407
1484110800,3.926133333333334
1484197200,3.95361175
1484283600,3.8982358333333336
1484370000,3.93745
1484456400,3.8923666666666654
1484542800,3.4099915000000003
1484629200,3.9413448
1484715600,3.828225888888889
1484802000,3.783596
1484888400,3.86
1484974800,3.9208
1485061200,3.8000870000000004
1485147600,3.7949495
1485234000,3.7492080000000003
1485320400,3.71801
1485406800,3.8368
1485493200,3.85816
1485579600,3.8558
1485666000,3.8351
1485752400,4.1421
1485838800,4.12475
1485925200,4.07618
1486011600,4.085057142857143
1486098000,4.00282
1486184400,4.012
1486270800,3.9555
1486357200,3.95043
1486443600,3.98
1486530000,3.97
1486616400,3.6596853874488775
1486702800,3.778465
1486789200,3.7523336666666665
1486875600,3.7194
1486962000,3.79
1487048400,3.8149669999999998
1487134800,3.826045
1487221200,3.86
1487307600,3.818832
1487394000,3.7678585
1487480400,3.718663
1487566800,3.74875
1487653200,3.8566
1487739600,3.773246666666666
1487826000,3.897287388189727
1487912400,3.949995
1487998800,3.9
1488085200,3.776096666666666
1488171600,3.7881039999999992
1488258000,3.7603333333333335
1488344400,3.816250642857143
1488430800,3.949448333333333
1488517200,3.991022
1488603600,3.962542833333334
1488690000,3.97433577254446
1488776400,4.037914166666667
1488862800,3.99
1488949200,3.772
1489035600,3.8700695
1489122000,3.7392044547388266
1489208400,3.778
1489294800,3.837999
1489377600,4.3571888888888894
1489464000,4.124972909090909
1489550400,4.2917457500000005
1489636800,4.410737000000001
1489723200,4.1929383210781115
1489809600,4.077049825238245
1489896000,3.9820375
1489982400,4.115272
1490068800,4.0803059220755635
1490155200,4.051500666666667
1490241600,4.09012288235294
1490328000,4.200078752662328
1490414400,4.1065299999999985
1490500800,4.081239999999998
1490587200,4.08
1490673600,4.210861951058218
1490760000,4.316742857142857
1490846400,7.492053881298161
1490932800,7.099776467960496
1491019200,7.500268052631579
1491105600,8.254158811290553
1491192000,8.583481156069999
1491278400,9.01247710533156
1491364800,12.185778691831056
1491451200,10.773128970515726
1491537600,9.946385085560811
1491624000,10.748162096774195
1491710400,9.211315076923078
1491796800,9.868006923076925
1491883200,9.754633333333333
1491969600,11.732644339820359
1492056000,11.152961302443046
1492142400,11.680525723538263
1492228800,11.734333208333334
1492315200,11.7
1492401600,11.228841864665373
1492488000,11.346379882352938
1492574400,10.454812512266324
1492660800,11.51461479891291
1492747200,12.135840524853512
1492833600,14.357332265026256
1492920000,15.87447826086957
1493006400,15.606010580541248
1493092800,15.373603929851965
1493179200,15.170589824846546
1493265600,15.551881004221286
1493352000,14.570006872652428
1493438400,16.39252983741017
1493524800,16.268319285714277
1493611200,16.655800077976167
1493697600,16.697499999999998
1493784000,21.261242909494836
1493870400,23.57787209888367
1493956800,25.375177941487035
1494043200,27.95660814881448
1494129600,30.281551911648826
1494216000,28.68819061574129
1494302400,33.206229855488964
1494388800,32.25618622588312
1494475200,30.57032769444444
1494561600,27.36744594981719
1494648000,28.822592250414747
1494734400,28.980451171032072
1494820800,25.439833478741413
1494907200,23.336690813756213
1494993600,25.438461225591897
1495080000,28.273773302261837
1495166400,27.310951035714282
1495252800,27.0031890424929
1495339200,25.739616986302394
1495425600,24.33614022108904
1495512000,30.740003432634648
1495598400,33.57226162739518
1495684800,27.56302918299837
1495771200,24.98165239507967
1495857600,21.8910794331044
1495944000,24.13258726069354
1496030400,25.32514529329133
1496116800,23.70406510416975
1496203200,25.66358465217391
1496289600,26.825447126465512
1496376000,27.41603450864195
1496462400,26.879268739896194
1496548800,27.535853440031875
1496635200,30.306120159966774
1496721600,29.980642387923
1496808000,28.38208274509804
1496894400,29.840180312499985
1496980800,29.134180331997626
1497067200,29.304969703686186
1497153600,33.55187335656705
1497240000,28.703898520819052
1497326400,30.031312259131237
1497412800,28.97693707825071
1497499200,28.925918565150674
1497585600,33.62097565974957
1497672000,45.70420875141391
1497758400,43.084323823595305
1497844800,47.245812381078785
1497931200,45.28272628565868
1498017600,43.854177579800826
1498104000,45.83458960812045
1498190400,45.09901613584479
1498276800,42.816843374999976
1498363200,40.73739282290368
1498449600,38.299889624322795
1498536000,39.458148063014406
1498622400,41.75950439576768
1498708800,39.667165963972785
1498795200,39.16589721758147
1498881600,37.915044200000004
1498968000,41.01567392612228
1499054400,44.805346619893506
1499140800,54.07090369787461
1499227200,52.84403048435885
1499313600,50.85712799395184
1499400000,45.97789804612825
1499486400,51.06166346422603
1499572800,48.14618067118492
1499659200,44.85511051022335
1499745600,43.67338048457992
1499832000,46.65504471877848
1499918400,45.26764920528458
1500004800,42.376796225976456
1500091200,38.276010077965545
1500177600,40.750235184437145
1500264000,41.93324503360089
1500350400,43.4392535237513
1500436800,39.92468681215379
1500523200,44.11971853135769
1500609600,45.2952931248396
1500696000,45.606488993100655
1500782400,44.89563181818182
1500868800,44.75732507362125
1500955200,42.192041958287675
1501041600,41.91805027976617
1501128000,41.785421138327216
1501214400,40.350679814827245
1501300800,41.01895669587656
1501387200,40.39995454545454
1501473600,42.261616169895255
1501560000,43.073185101400355
1501646400,41.73217252322048
1501732800,42.52540954109529
1501819200,43.02106366666667
1501905600,46.192721259915025
1501992000,45.42254368825143
1502078400,45.96402325342177
1502164800,48.992547553978994
1502251200,47.6937670812573
1502337600,46.83471595328813
1502424000,47.1576383168287
1502510400,46.212344820521814
1502596800,45.21440700228989
1502683200,45.62679026930354
1502769600,43.01249685160615
1502856000,43.82625844819165
1502942400,43.81969363414635
1503028800,46.75210274133792
1503115200,45.09326281398975
1503201600,45.7505781213784
1503288000,47.942543774378386
1503374400,46.371340237303656
1503460800,53.09593219105727
1503547200,50.27268203381114
1503633600,51.11642277121202
1503720000,51.53590072760097
1503806400,60.76507556407736
1503892800,62.20698324320842
1503979200,63.565315303905614
1504065600,65.72602643316439
1504152000,73.1349970484702
1504238400,88.31078354662452
1504324800,79.72823186627646
1504411200,79.33295363732263
1504497600,68.89506701007042
1504584000,73.72847060524394
1504670400,81.40845290367372
1504756800,80.32322210330355
1504843200,73.14376747196192
1504929600,71.20828372187209
1505016000,67.26578496660692
1505102400,68.17717738971197
1505188800,66.02768301213057
1505275200,61.7391602959854
1505361600,45.42541231869009
1505448000,52.07020416644145
1505534400,52.16182507785131
1505620800,50.9368456045537
1505707200,56.30148699887968
1505793600,52.84794493580385
1505880000,51.44978506338319
1505966400,46.493000657134935
1506052800,47.74672952465379
1506139200,49.265009068216294
1506225600,47.63481375686554
1506312000,52.25562416309061
1506398400,52.29949071845
1506484800,56.90286003877811
1506571200,54.85068299142785
1506657600,52.686448730274755
1506744000,55.415783942335075
1506830400,54.75566094248124
1506916800,53.35045101455255
1507003200,52.120641962924566
1507089600,51.172496034797284
1507176000,51.668448275862076
1507262400,52.06778660778895
1507348800,52.57086841253237
1507435200,53.328932326072376
1507521600,50.069952040431865
1507608000,50.47815229387824
1507694400,50.79485147846247
1507780800,59.42407539660334
1507867200,59.01858186103176
1507953600,63.55794612000904
1508040000,65.52585306301344
1508126400,64.74073670700794
1508212800,59.1468913203069
1508299200,60.52163302522057
1508385600,59.79190084534014
1508472000,60.18315352567233
1508558400,58.03926006564047
1508644800,56.66998363612786
1508731200,54.54109243503984
1508817600,55.604077876759106
1508904000,56.25726695769613
1508990400,55.5916923076923
1509076800,55.0917879854218
1509163200,54.487563036701886
1509249600,56.86584060063218
1509336000,56.143061330380284
1509422400,55.4357099438062
1509508800,52.83262976341563
1509595200,54.18321732662504
1509681600,55.9035693377346
1509768000,55.04845653273963
1509854400,54.64316049127611
1509944400,54.574275772027065
1510030800,60.67615662974225
1510117200,62.4146106297505
1510203600,64.12970741094907
1510290000,58.884391333458396
1510376400,62.35394773273232
1510462800,58.72253580603701
1510549200,60.92214583037267
1510635600,62.28888005378185
1510722000,63.220902680485935
1510808400,70.7083919812728
1510894800,67.34815100042934
1510981200,69.41083493382818
1511067600,71.6860768684781
1511154000,72.41011322146159
1511240400,69.87295200022079
1511326800,72.10944687769032
1511413200,72.89366575506807
1511499600,77.47976022159405
1511586000,88.84118083572822
1511672400,86.05917497710493
1511758800,90.3803889737402
1511845200,94.18022523449748
1511931600,84.46613617030425
1512018000,86.42066422332853
1512104400,99.30286415003368
1512190800,99.44700219061316
1512277200,101.22580696373232
1512363600,103.81426806582613
1512450000,100.7268765485344
1512536400,98.34013090775758
1512622800,95.76522362216923
1512709200,122.497729897408
1512795600,154.55855051514297
1512882000,146.33840946104056
1512968400,214.86841975094228
1513054800,333.15077329761937
1513141200,303.423815462311
1513227600,278.51745602988734
1513314000,300.20606949093417
1513400400,300.8235454007502
1513486800,321.39768765688086
1513573200,355.8919273772805
1513659600,345.5578212242994
1513746000,304.4207137834274
1513832400,306.87833834532904
1513918800,262.6583996581099
1514005200,282.09031202116023
1514091600,270.54469718823015
1514178000,270.6577940699175
1514264400,281.5924638456853
1514350800,268.25307227826204
1514437200,250.35033457616532
1514523600,244.18628167610356
1514610000,212.68387541989648
1514696400,227.43445390074646
1514782800,226.11263804996483
1514869200,251.65652010811542
1514955600,244.75263831687846
1515042000,238.83184086521882
1515128400,245.08413078630053
1515214800,279.36502274795384
1515301200,272.47966660609796
1515387600,256.71011525217017
1515474000,247.47399102319847
1515560400,250.70666958036395
1515646800,229.79656185187042
1515733200,235.66032859845203
1515819600,259.4051398934004
1515906000,240.07857358567082
1515992400,234.11991704954158
1516078800,188.95945788840004
1516165200,188.06056542573083
1516251600,192.9612358152416
1516338000,196.86562653975614
1516424400,212.7584252593024
1516510800,191.23425277225877
1516597200,180.63714614062505
1516683600,178.99583332882364
1516770000,181.06889890122173
1516856400,179.55536245343984
1516942800,177.92833215882953
1517029200,181.332519147479
1517115600,194.06698362976695
1517202000,182.4633807419001
1517288400,164.18746348444142
1517374800,163.29673004214663
1517461200,142.34615326515674
1517547600,132.02461352071458
1517634000,162.35219015887918
1517720400,147.95376769054326
1517806800,125.2814215287862
1517893200,142.49104321738918
1517979600,138.73822780313418
1518066000,150.71988115819568
1518152400,163.9051583047681
1518238800,155.41507768004206
1518325200,149.55009284042538
1518411600,162.45813535934474
1518498000,160.10986074156583
1518584400,212.53789157517448
1518670800,222.7865894205675
1518757200,230.38
1518843600,229.535
1518930000,216.459
1519016400,223.07
1519102800,232.851
1519189200,213.352
1519275600,195.308
1519362000,209.309
1519448400,209.422
1519534800,220.475
1519621200,220.962
1519707600,216.599
1519794000,202.895
1519880400,209.75
1519966800,212.556
1520053200,210.643
1520139600,213.799
1520226000,211.175
1520312400,196.601
1520398800,185.839
1520485200,176.511
1520571600,187.168
1520658000,177.732
1520744400,188.946
1520827200,178.234
1520913600,175.782
1521000000,161.101
1521086400,164.476
1521172800,165.45
1521259200,152.969
1521345600,154.074
1521432000,161.142
1521518400,168.817
1521604800,169.052
1521691200,163.584
1521777600,165.937
1521864000,160.482
1521950400,160.084
1522036800,149.14
1522123200,136.066
1522209600,131.643
1522296000,115.106
1522382400,118.598
1522468800,116.541
1522555200,115.222
1522641600,119.076
1522728000,134.302
1522814400,118.573
1522900800,119.131
1522987200,113.075
1523073600,116.202
1523160000,117.447
1523246400,114.864
1523332800,114.288
1523419200,114.962
1523505600,
1523592000,
1523678400,
1523764800,
1523851200,128.287
1523937600,132.921
1524024000,139.967
1524110400,146.178
1524196800,155.583
1524283200,148.284
1524369600,146.854
1524456000,152.108
1524542400,165.654
1524628800,144.056
1524715200,153.823
1524801600,145.905
1524888000,152.332
1524974400,153.637
1525060800,148.289
1525147200,148.545
1525233600,151.664
1525320000,161.57
1525406400,168.811
1525492800,177.731
1525579200,171.789
1525665600,164.585
1525752000,159.857
1525838400,157.021
1525924800,149.337
1526011200,137.416
1526097600,141.996
1526184000,144.942
1526270400,147.714
1526356800,139.82
1526443200,139.268
1526529600,132.773
1526616000,135.979
1526702400,135.328
1526788800,139.698
1526875200,134.446
1526961600,128.757
1527048000,119.388
1527134400,122.576
1527220800,119.163
1527307200,118.553
1527393600,117.949
1527480000,111.806
1527566400,119.592
1527652800,117.577
1527739200,117.969
1527825600,120.112
1527912000,123.41
1527998400,125.5
1528084800,119.753
1528171200,121.545
1528257600,121.419
1528344000,121.288
1528430400,120.098
1528516800,118.415
1528603200,106.924
1528689600,107.298
1528776000,100.19
1528862400,94.0151
1528948800,101.046
1529035200,96.6714
1529121600,97.5317
1529208000,95.9984
1529294400,98.779
1529380800,98.8214
1529467200,97.8743
1529553600,96.9625
1529640000,85.0282
1529726400,82.5862
1529812800,80.8426
1529899200,81.8566
1529985600,76.8537
1530072000,80.7462
1530158400,74.9298
1530244800,78.8902
1530331200,81.4717
1530417600,80.3279
1530504000,85.1872
1530590400,85.1852
1530676800,85.4997
1530763200,83.7564
1530849600,83.6539
1530936000,86.1363
1531022400,82.5203
1531108800,80.9067
1531195200,76.0956
1531281600,78.5618
1531368000,76.8086
1531454400,76.9593
1531540800,76.8107
1531627200,78.939
1531713600,84.5252
1531800000,89.8061
1531886400,86.9621
1531972800,86.649
1532059200,82.7546
1532145600,84.4728
1532232000,83.1562
1532318400,82.4623
1532404800,89.2932
1532491200,86.2817
1532577600,84.0156
1532664000,84.4693
1532750400,83.6737
1532836800,84.0266
1532923200,82.742816594
1533009600,79.9677270794
1533096000,77.8556227225
1533182400,76.3189589686
1533268800,77.6109035069
1533355200,73.2406898702
1533441600,74.977133119
1533528000,73.9135187269
1533614400,68.3162251526
1533700800,62.4904159334
1533787200,64.0004080865
1533873600,59.3939803569
1533960000,58.2966140283
1534046400,59.476109028
1534132800,56.9370557642
1534219200,54.5594410781
1534305600,54.4968756471
1534392000,55.3094380981
1534478400,61.5475050935
1534564800,57.2111911221
1534651200,57.9389562934
1534737600,53.9961807267
1534824000,56.632904514
1534910400,55.1610598633
1534996800,57.5434339845
1535083200,57.9346208496
1535169600,57.9079405107
1535256000,57.2900829759
1535342400,60.3351832953
1535428800,63.0243660597
1535515200,61.8598373509
1535601600,60.1250070877
1535688000,61.9789419353
1535774400,66.2619808672
1535860800,65.9268654483
1535947200,65.3585626732
1536033600,67.5765424601
1536120000,58.4376721985
1536206400,57.3489950175
1536292800,56.2098737134
1536379200,53.2940083868
1536465600,54.9527663463
1536552000,54.5957663282
1536638400,52.3264038083
1536724800,51.7803952983
1536811200,54.5909804947
1536897600,56.5764850166
1536984000,56.7131450532
1537070400,56.9950995808
1537156800,52.540537556
1537243200,54.1709051159
1537329600,54.334532089
1537416000,56.630988392
1537502400,60.7228125338
1537588800,60.4365554958
1537675200,61.3910927834
1537761600,57.96913943
1537848000,57.5661743389
1537934400,57.4474531622
1538020800,62.979423681
1538107200,61.9152866686
1538193600,61.606913851
1538280000,61.1419206088
1538366400,60.273418099
1538452800,59.7053879101
1538539200,57.4774991073
1538625600,58.2577824667
1538712000,58.7661669808
1538798400,57.8441354876
1538884800,58.2452717033
1538971200,59.4126147686
1539057600,58.6976816193
1539144000,57.9315172531
1539230400,50.9802607962
1539316800,53.5774669133
1539403200,53.4118535555
1539489600,52.1198135486
1539576000,54.9728748767
1539662400,54.1724742231
1539748800,53.6735323955
1539835200,52.4641339347
1539921600,53.0784763489
1540008000,53.3433699514
1540094400,52.9138713065
1540180800,52.2441788833
1540267200,52.4544323997
1540353600,52.5150492276
1540440000,52.2345570606
1540526400,52.0988499393
1540612800,51.9319806075
1540699200,51.9487745294
1540785600,49.0130075374
1540872000,49.3549746048
1540958400,49.4119884567
1541044800,50.297644068
1541131200,51.2975594831
1541217600,50.984581546
1541304000,53.6124684928
1541394000,53.557305155
1541480400,55.931129242
1541566800,54.1745335389
1541653200,52.4592127962
1541739600,51.8871556876
1541826000,52.3306403777
1541912400,51.3820947746
1541998800,50.6077685425
1542085200,49.6703284309
1542171600,43.4928992945
1542258000,43.9482580432
1542344400,42.3758155203
1542430800,41.9095079408
1542517200,42.3222489151
1542603600,36.6968559245
1542690000,32.8331983691
1542776400,34.6705963713
1542862800,32.3396168771
1542949200,32.2455248634
1543035600,29.204562859
1543122000,30.9399199626
1543208400,29.3574131102
1543294800,31.0112268701
1543381200,34.6511678065
1543467600,33.7629140102
1543554000,32.0656918267
1543640400,34.448076523
1543726800,33.7119217302
1543813200,31.1132603332
1543899600,31.7227740137
1543986000,29.2952391188
1544072400,26.9436599533
1544158800,25.27258518
1544245200,24.8349977864
1544331600,25.9688097247
1544418000,24.6391452504
1544504400,23.8264820569
1544590800,24.4294422821
1544677200,23.6886723805
1544763600,23.4244067793
1544850000,23.7928950248
1544936400,25.6219837541
1545022800,29.2565596649
1545109200,30.077885821
1545195600,29.7201262169
1545282000,32.7997416702
1545368400,30.8051698356
1545454800,31.8713443198
1545541200,33.454023038
1545627600,33.1343697241
1545714000,31.1343275086
1545800400,30.9894291159
1545886800,28.3504171484
1545973200,32.3606419749
1546059600,31.5433449341
1546146000,31.98165029
1546232400,30.4424686563
1546318800,31.9125103164
1546405200,33.5524245024
1546491600,32.0766558363
1546578000,32.4061115025
1546664400,34.8448904654
1546750800,39.2168980942
1546837200,37.7837543384
1546923600,39.5156355151
1547010000,38.9661978078
1547096400,33.9818823788
1547182800,32.4301160188
1547269200,32.4335872084
1547355600,30.2959348884
1547442000,32.3582415857
1547528400,31.454259023
1547614800,31.8952043788
1547701200,31.8774947768
1547787600,31.2872041458
1547874000,32.5509704303
1547960400,31.1877684359
1548046800,31.2457180346
1548133200,31.6896538305
1548219600,32.0019575094
1548306000,32.8134896652
1548392400,33.0174687948
1548478800,33.1931483195
1548565200,32.6975415207
1548651600,31.2437724212
1548738000,31.1005883533
1548824400,31.9164822842
1548910800,31.6370106398
1548997200,32.8372629969
1549083600,34.4646058559
1549170000,33.5248219366
1549256400,34.0787507073
1549342800,34.2064459616
1549429200,32.9604929835
1549515600,33.2099977767
1549602000,43.2864615411
1549688400,44.8162618026
1549774800,46.8542799477
1549861200,43.2464619396
1549947600,44.0430076054
1550034000,41.942184248
1550120400,41.7953528828
1550206800,42.7050752552
1550293200,43.6357039005
1550379600,43.9618213755
1550466000,48.0779937046
1550552400,47.89130836
1550638800,51.7334020363
1550725200,49.1274042816
1550811600,49.8635358484
1550898000,51.7065477915
1550984400,44.7394103752
1551070800,46.2329670326
1551157200,45.4970320295
1551243600,45.6414982941
1551330000,46.2447484751
1551416400,47.4708027718
1551502800,49.0468008496
1551589200,48.3763649182
1551675600,46.435972688
1551762000,53.087420005
1551848400,55.8173384062
1551934800,57.2181296379
1552021200,56.0780921333
1552107600,57.9597059837
1552194000,57.1853425028
1552276800,55.4262925448
1552363200,56.99540813
1552449600,55.9894803642
1552536000,56.5912596902
1552622400,58.9519124381
1552708800,61.8901244696
1552795200,61.3126126427
1552881600,60.3332286798
1552968000,60.599555484
1553054400,60.9363812796
1553140800,59.3910479515
1553227200,59.7902642571
1553313600,61.3569168783
1553400000,60.1889565639
1553486400,59.4967372873
1553572800,59.3435287366
1553659200,62.2514288897
1553745600,61.1704861142
1553832000,61.3016125981
1553918400,60.9309572493
1554004800,
1554091200,60.7116903092
1554177600,76.1909896444
1554264000,85.1739312234
1554350400,85.0379499848
1554436800,88.7077740435
1554523200,92.4213696294
1554609600,92.3278951362
1554696000,89.4977366728
1554782400,86.7743315292
1554868800,88.3935302233
1554955200,79.6326417403
1555041600,78.9467074263
1555128000,78.2046726791
1555214400,83.0148902108
1555300800,79.0272606961
1555387200,81.4014077071
1555473600,79.3274682066
1555560000,82.0748782366
1555646400,82.5692227845
1555732800,81.5124986208
1555819200,77.331559117
1555905600,76.948077732
1555992000,74.8450217987
1556078400,73.3089431536
1556164800,71.2481178331
1556251200,73.1153465683
1556337600,72.1209037542
1556424000,69.7267999703
1556510400,67.9603802114
1556596800,74.28087406
1556683200,73.6577686214
1556769600,73.7771758525
1556856000,79.3265344093
1556942400,78.0638386356
1557028800,75.9843672914
1557115200,74.9827566128
1557201600,74.6930011516
1557288000,74.6202879446
1557374400,74.1771403698
1557460800,77.1666508
1557547200,89.2222559729
1557633600,84.5655110516
1557720000,88.0582361061
1557806400,91.6204061122
1557892800,101.744566017
1557979200,95.5855849808
1558065600,88.9952344815
1558152000,86.7001894258
1558238400,95.3212014721
1558324800,91.493678397
1558411200,91.5077485162
1558497600,88.2105722826
1558584000,88.9739462874
1558670400,100.045539418
1558756800,102.700590371
1558843200,111.435297724
1558929600,117.891893294
1559016000,114.925445645
1559102400,115.056772046
1559188800,108.950442418
1559275200,114.360347961
1559361600,112.465261799
1559448000,114.81999247
1559534400,107.486260989
1559620800,102.064309212
1559707200,103.990257772
1559793600,111.223694066
1559880000,117.928410893
1559966400,118.500558306
1560052800,115.274206993
1560139200,129.708819157
1560225600,136.006863934
1560312000,135.122555451
1560398400,131.250518328
1560484800,133.079426586
1560571200,138.074593146
1560657600,137.137829298
1560744000,134.372452502
1560830400,135.212196238
1560916800,136.604525536
1561003200,135.519727459
1561089600,138.727937017
1561176000,141.66533877
1561262400,136.803152907
1561348800,135.621950099
1561435200,136.350370394
1561521600,131.372592001
1561608000,113.875975022
1561694400,120.005960517
1561780800,133.565144845
1561867200,122.371887042
1561953600,122.493152433
1562040000,119.050484717
1562126400,122.564113507
1562212800,119.976923415
1562299200,118.427946562
1562385600,117.91189648
1562472000,120.32087848
1562558400,123.285484768
1562644800,119.432812474
1562731200,108.408431703
1562817600,102.644301431
1562904000,105.316004109
1562990400,101.024796062
1563076800,89.7313114451
1563163200,91.0011400869
1563249600,79.4974667679
1563336000,89.7698201312
1563422400,101.062312029
1563508800,98.3089865769
1563595200,100.609941111
1563681600,99.648271399
1563768000,95.4173879285
1563854400,90.6226298464
1563940800,94.309669008
1564027200,93.4463175535
1564113600,94.3050152256
1564200000,88.8890206443
1564286400,89.7693334037
1564372800,90.4264245332
1564459200,90.5669481151
1564545600,98.5666857013
1564632000,99.1995872524
1564718400,95.016814122
1564804800,94.5808806283
1564891200,93.0852839656
1564977600,96.8895988002
1565064000,93.0697157826
1565150400,90.9115641502
1565236800,90.0891976762
1565323200,84.4393774067
1565409600,85.4194762795
1565496000,89.7526674359
1565582400,85.7492298819
1565668800,84.4203493571
1565755200,76.133269541
1565841600,76.3152467724
1565928000,74.9050894123
1566014400,72.8395956325
1566100800,76.3371085513
1566187200,77.2983865879
1566273600,75.2442747135
1566360000,72.9507682337
1566446400,73.5773281737
1566532800,75.4078073409
1566619200,73.4700393683
1566705600,72.32022988
1566792000,73.9338649445
1566878400,72.9027687453
1566964800,67.3553379941
1567051200,64.0837359798
1567137600,64.3590885117
1567224000,64.5586076873
1567310400,66.1136231158
1567396800,66.9907722726
1567483200,69.1765010412
1567569600,67.3087409296
1567656000,65.3867292604
1567742400,65.2368801491
1567828800,69.0160636662
1567915200,70.619391981
1568001600,70.1321063315
1568088000,70.8761452947
1568174400,69.9585736361
1568260800,69.2332067522
1568347200,69.0219539922
1568433600,70.5872164693
1568520000,70.3233201671
1568606400,72.5910735248
1568692800,74.2285195219
1568779200,77.9192698904
1568865600,76.9578419291
1568952000,75.1818166733
1569038400,73.5092521612
1569124800,72.6132108664
1569211200,66.8441154893
1569297600,55.8342057611
1569384000,57.6577585977
1569470400,55.5664507293
1569556800,56.4165755539
1569643200,55.7066163631
1569729600,54.3143365735
1569816000,56.0892338337
1569902400,56.0133793078
1569988800,56.534791176
1570075200,56.5237112883
1570161600,56.8095425732
1570248000,56.8354283054
1570334400,55.3420271503
1570420800,57.7933835032
1570507200,57.4204830095
1570593600,59.401574968
1570680000,57.7174798965
1570766400,56.2662566442
1570852800,55.9832212869
1570939200,56.7228480298
1571025600,57.0012538804
1571112000,54.9503793761
1571198400,52.9563406667
1571284800,54.8409345195
1571371200,53.4289416327
1571457600,54.0633542948
1571544000,54.9291140156
1571630400,54.9769816967
1571716800,53.7321634912
1571803200,49.6427566816
1571889600,50.1521970733
1571976000,56.8786250148
1572062400,56.8320657451
1572148800,59.9733774408
1572235200,58.2695565427
1572321600,59.8464262653
1572408000,58.3766837229
1572494400,58.759201015
1572580800,58.5768803819
1572667200,58.6118977008
1572753600,58.6172334672
1572843600,61.5545213003
1572930000,63.2948193488
1573016400,64.1617865778
1573102800,61.9802050161
1573189200,60.5017433722
1573275600,61.9429957384
1573362000,63.6368830835
1573448400,61.8139714602
1573534800,61.2681875922
1573621200,61.1374197527
1573707600,59.4482706284
1573794000,57.8231654543
1573880400,58.5505599234
1573966800,59.5807250789
1574053200,56.8426280303
1574139600,55.6224203301
1574226000,55.2819184358
1574312400,50.8665460447
1574398800,47.6786698051
1574485200,48.6984090499
1574571600,44.9612622806
1574658000,45.860715372
1574744400,47.2351943467
1574830800,48.0778594712
1574917200,47.1237977155
1575003600,48.8186154648
1575090000,47.5406211512
1575176400,47.7599037423
1575262800,45.7859176455
1575349200,45.3780131113
1575435600,45.1750079348
1575522000,45.3296783338
1575608400,45.617085417
1575694800,45.62471166
1575781200,45.8469343061
1575867600,44.9769092652
1575954000,44.5945122396
1576040400,43.8986790609
1576126800,44.0508348376
1576213200,44.4682669086
1576299600,43.7515318268
1576386000,43.8440853831
1576472400,40.4094823115
1576558800,36.9251153874
1576645200,40.7394560005
1576731600,39.894550279
1576818000,40.2877461728
1576904400,40.0214101385
1576990800,42.0153628437
1577077200,40.8646256934
1577163600,40.6304344488
1577250000,40.6545348203
1577336400,40.2431152538
1577422800,41.2200708563
1577509200,42.7987540106
1577595600,43.7207298584
1577682000,42.790712069
1577768400,41.3423309245
1577854800,41.999753646
1577941200,39.8714739776
1578027600,42.4106688753
1578114000,43.3007041199
1578200400,43.5675133618
1578286800,45.7947400975
1578373200,46.4357300184
1578459600,45.6412305587
1578546000,45.2442129511
1578632400,48.7273277229
1578718800,49.2638537994
1578805200,51.0082657354
1578891600,49.6998061078
1578978000,58.478234758
1579064400,58.052849833
1579150800,57.6182557286
1579237200,61.4871259137
1579323600,59.4086438032
1579410000,57.8006936368
1579496400,57.2032610904
1579582800,57.6478813075
1579669200,58.3547245437
1579755600,54.63026014
1579842000,54.5317889377
1579928400,53.6977884457
1580014800,56.2127143837
1580101200,58.76326686
1580187600,60.6718157822
1580274000,60.0779327535
1580360400,68.1590625242
1580446800,67.8794926165
1580533200,70.8200175721
1580619600,70.2315417322
1580706000,69.7802193165
1580792400,68.1957800274
1580878800,72.4931038042
1580965200,73.3886861743
1581051600,74.4430956961
1581138000,76.608521582
1581224400,77.1227555099
1581310800,74.3647949507
1581397200,76.5626136854
1581483600,81.2855263456
1581570000,80.3436180216
1581656400,83.0016429286
1581742800,76.3908789046
1581829200,75.2863395716
1581915600,73.2900043194
1582002000,76.9374917252
1582088400,71.091376039
1582174800,69.6110056626
1582261200,73.4640101314
1582347600,75.1337824758
1582434000,79.3581363479
1582520400,75.5912920364
1582606800,71.3442833072
1582693200,61.1201529512
1582779600,61.3060194136
1582866000,59.8824897171
1582952400,58.6152056101
1583038800,57.8693531936
1583125200,61.0102249161
1583211600,61.226429682
1583298000,60.3231009364
1583384400,61.9471542418
1583470800,63.0937595598
1583557200,60.553951626
1583643600,51.8223086167
1583726400,50.0248122914
1583812800,50.3056393479
1583899200,48.4615224262
1583985600,31.2113649598
1584072000,37.275409647
1584158400,34.3977105053
1584244800,36.4769458137
1584331200,32.7071576816
1584417600,33.6545164189
1584504000,33.7036855847
1584590400,39.0407939383
1584676800,37.9733506887
1584763200,38.2943288331
1584849600,35.5844086594
1584936000,38.7544071709
1585022400,40.4552592054
1585108800,39.1180346212
1585195200,40.1614083573
1585281600,38.8926454796
1585368000,38.8571673488
1585454400,37.3178655007
1585540800,39.1276752551
1585627200,39.364343246
1585713600,39.2662680232
1585800000,39.7908907083
1585886400,40.3245252121
1585972800,40.6116384309
1586059200,40.6138468657
1586145600,44.3391938616
1586232000,44.6595912765
1586318400,46.350882595
1586404800,46.4690374974
1586491200,42.2487410483
1586577600,42.288002101
1586664000,42.620491184
1586750400,41.2561435313
1586836800,41.0375739042
1586923200,39.604246954
1587009600,42.6285056386
1587096000,42.7050228406
1587182400,44.3267748168
1587268800,42.6925482763
1587355200,40.8222547201
1587441600,40.9883251459
1587528000,41.8797817679
1587614400,42.8874165944
1587700800,44.8098288595
1587787200,44.7149101045
1587873600,44.6865065895
1587960000,44.7100643154
1588046400,46.0287034397
1588132800,49.1813018894
1588219200,46.7029007402
1588305600,47.6973925569
1588392000,49.4712878557
1588478400,48.2443132987
1588564800,47.4397125781
1588651200,46.7872593824
1588737600,45.942866373
1588824000,47.3301149861
1588910400,47.8822184783
1588996800,47.2741842844
1589083200,42.3676275585
1589169600,41.6816670859
1589256000,42.1118797172
1589342400,43.1199111439
1589428800,43.9453353481
1589515200,42.8560354045
1589601600,43.2128966229
1589688000,43.6408354331
1589774400,45.201073971
1589860800,45.3836115033
1589947200,44.151154496
1590033600,42.7427016799
1590120000,44.2091324797
1590206400,44.0437431597
1590292800,42.4875677694
1590379200,42.935484361
1590465600,42.4068633188
1590552000,43.840796534
1590638400,44.7439707543
1590724800,44.6665920195
1590811200,47.5128553317
1590897600,45.5565067497
1590984000,48.1843506827
1591070400,45.895628503
1591156800,47.1736110127
1591243200,47.666264816
1591329600,47.0865330313
1591416000,46.7361492365
1591502400,46.6593830418
1591588800,46.4525639155
1591675200,46.0726752935
1591761600,46.6985084205
1591848000,43.5334057809
1591934400,44.781686345
1592020800,45.0840864415
1592107200,44.1041017349
1592193600,43.9728073502
1592280000,43.8973620247
1592366400,44.0570111628
1592452800,43.572211422
1592539200,42.6203695991
1592625600,43.3577112676
1592712000,43.0805567055
1592798400,44.1863488408
1592884800,44.1871697138
1592971200,42.8059234828
1593057600,42.6098163749
1593144000,43.3251140682
1593230400,41.5949786987
1593316800,41.4480376695
1593403200,41.9377937825
1593489600,41.4660388226
1593576000,41.6995921642
1593662400,41.485733934
1593748800,41.2051361781
1593835200,41.9995818403
1593921600,41.6038147035
1594008000,44.1460433402
1594094400,43.3105791763
1594180800,45.134977943
1594267200,44.5911156111
1594353600,44.2461161011
1594440000,44.6770783243
1594526400,44.6357220459
1594612800,43.9197957494
1594699200,43.8028646234
1594785600,43.2789554995
1594872000,42.0609349612
1594958400,41.9126966433
1595044800,42.4396966407
1595131200,42.5289022973
1595217600,41.9448425874
1595304000,43.6133523635
1595390400,44.9252538536
1595476800,44.8416123775
1595563200,44.1137905896
1595649600,48.8047660378
1595736000,48.0157449571
1595822400,53.2165988404
1595908800,55.7464028258
1595995200,55.2311983617
1596081600,56.8655126396
1596168000,58.0509599728
1596254400,61.2315677314
1596340800,56.6505549687
1596427200,58.4646917193
1596513600,57.5522241487
1596600000,59.0198508197
1596686400,59.1567410983
1596772800,57.1350035818
1596859200,58.0023868689
1596945600,57.1001164354
1597032000,58.2535794809
1597118400,54.4214447959
1597204800,54.945954859
1597291200,57.7636346061
1597377600,56.7209639662
1597464000,59.9152957417
1597550400,63.8138711363
1597636800,67.0036754272
1597723200,65.4905645399
1597809600,62.1031164731
1597896000,62.9520962354
1597982400,59.3297463527
1598068800,60.3591393879
1598155200,60.7242657528
1598241600,62.3121294173
1598328000,58.6587564191
1598414400,58.3213620507
1598500800,56.0469253535
1598587200,57.3343583017
1598673600,57.2885474638
1598760000,62.744722169
1598846400,61.1671858952
1598932800,62.8877610586
1599019200,58.1266700244
1599105600,47.6825834001
1599192000,50.6119782328
1599278400,47.5893384612
1599364800,48.0535719514
1599451200,48.7701082231
1599537600,47.3838017713
1599624000,47.8976985244
1599710400,48.6507290341
1599796800,49.0897533924
1599883200,50.8171554475
1599969600,48.0660362632
1600056000,49.0901243898
1600142400,48.3900977394
1600228800,47.9334342191
1600315200,48.8770684161
1600401600,48.4628155663
1600488000,48.6768315998
1600574400,47.1005298007
1600660800,43.3902204952
1600747200,44.5450490029
1600833600,43.0846870076
1600920000,44.9610069196
1601006400,46.0087364974
1601092800,46.1312265137
1601179200,45.9990604932
1601265600,45.2706697162
1601352000,45.6980588347
1601438400,46.2840366545
1601524800,46.2766170494
1601611200,44.92396862240906
1601697600,45.58177105221077
1601784000,46.72969858031432
1601870400,46.36322605864407
1601956800,45.98552616130779
1602043200,46.6604950922133
1602129600,47.21839947092174
1602216000,47.83295548180348
1602302400,48.92109623734435
1602388800,50.72793378829182
1602475200,50.74375320153641
1602561600,49.94064065880134
1602648000,49.846586461545
1602734400,49.4870840904909
1602820800,47.69287005132809
1602907200,47.05130295137597
1602993600,47.61958604124738
1603080000,48.09895651877167
1603166400,47.05105282406197
1603252800,53.04498210204217
1603339200,54.26739312742221
1603425600,55.27764337049461
1603512000,58.97907691869165
1603598400,58.64562727969598
1603684800,56.7575782183744
1603771200,57.71039657411457
1603857600,55.76729113589632
1603944000,54.77171062602319
1604030400,53.90533805606636
1604116800,55.55453099278111
1604203200,55.58578330686611
1604293200,53.81446120128629
1604379600,53.81805555294755
1604466000,54.49759513024832
1604552400,58.67690056234071
1604638800,63.13061445888072
1604725200,59.14288226122272
1604811600,61.05225549948783
1604898000,59.36817820609751
1604984400,58.24114792282706
1605070800,59.51533086366207
1605157200,60.36500052896646
1605243600,65.45721992811212
1605330000,63.77103729443738
1605416400,62.28019991854427
1605502800,73.5503217476407
1605589200,75.84900001566211
1605675600,73.68760692175309
1605762000,81.68624905216913
1605848400,82.58657262497259
1605934800,86.77863257271868
1606021200,82.71512765522698
1606107600,88.62561124771685
1606194000,89.1311334526417
1606280400,82.34217013084086
1606366800,70.70801983451133
1606453200,69.05745192860984
1606539600,72.65960117739336
1606626000,79.21815674504516
1606712400,87.66024025987791
1606798800,85.6681647885024
1606885200,88.92049163291954
1606971600,89.04385261469938
1607058000,79.99328852086359
1607144400,83.17948665690672
1607230800,83.55561311207917
1607317200,83.65435579319039
1607403600,76.74107379173255
1607490000,77.40718988261689
1607576400,74.9672434296909
1607662800,72.12106955753787
1607749200,76.63751667958037
1607835600,82.06770021643096
1607922000,82.4637199188514
1608008400,81.5190804567021
1608094800,92.80979451022014
1608181200,101.56390122663242
1608267600,109.37948982295802
1608354000,120.57589124765259
1608440400,115.2199467505107
1608526800,105.34740760411005
1608613200,114.02090641216286
1608699600,102.69479091560216
1608786000,111.81822584817633
1608872400,127.35887865923094
1608958800,129.62099837259473
1609045200,128.0612782431534
1609131600,130.124238237838
1609218000,129.2405275019214
1609304400,129.69826993332595
1609390800,124.75588432509223
1609477200,126.23838233132093
1609563600,136.9326485837554
1609650000,160.8209893442296
1609736400,154.64545601875767
1609822800,158.90907954269684
1609909200,168.97078433810606
1609995600,169.56462036460525
1610082000,172.8092455276666
1610168400,179.09007581870964
1610254800,171.20183787994802
1610341200,140.14857592403413
1610427600,133.19694868590915
1610514000,147.36464439267553
1610600400,152.0690125040184
1610686800,144.24474130236305
1610773200,144.26541965438062
1610859600,142.4308212858621
1610946000,152.14408514387958
1611032400,153.48742764096696
1611118800,149.93142515699822
1611205200,130.13350488479662
1611291600,137.27145938139194
1611378000,137.7509901813377
1611464400,141.47731077892448
1611550800,137.4442004616244
1611637200,134.7552643326652
1611723600,122.94947331286501
1611810000,133.48693077113666
1611896400,135.0125704813464
1611982800,133.40001777616325
1612069200,129.57081529741987
1612155600,131.9519320225278
1612242000,142.50697498300806
1612328400,155.61203291478142
1612414800,145.14818702250048
1612501200,154.8522156684421
1612587600,155.71474238511536
1612674000,151.1400792163494
1612760400,167.25013500785755
1612846800,182.1505283494128
1612933200,181.76326010421698
1613019600,184.18222165127005
1613106000,196.67163495611473
1613192400,225.9680414098946
1613278800,214.48186768008563
1613365200,207.2158517158877
1613451600,210.45426353560998
1613538000,236.67038489781086
1613624400,227.007952002998
1613710800,236.6409210162924
1613797200,227.42934251433297
1613883600,227.36669783209337
1613970000,208.46343281238575
1614056400,175.13706149577573
1614142800,181.11758028384054
1614229200,181.37930802239845
1614315600,170.0697522433131
1614402000,172.5114247053449
1614488400,164.89491820038677
1614574800,175.3727237354624
1614661200,177.68259842904578
1614747600,188.90606404922187
1614834000,181.0008081243713
1614920400,180.61534318510098
1615006800,182.97915308519083
1615093200,191.7318058287891
1615179600,192.27704196516578
1615266000,203.53405479184806
1615352400,200.7281621047372
1615438800,200.9814078868993
1615525200,220.58032461555632
1615611600,226.65866904411723
1615698000,216.377867102527
1615780800,201.18312350761096
1615867200,200.23700574510417
1615953600,205.85550704984115
1616040000,200.52896222202665
1616126400,201.0712981834011
1616212800,200.9745660046146
1616299200,196.4072989220391
1616385600,187.36356384492424
1616472000,187.79405258919385
1616558400,177.65495514587647
1616644800,173.0611862520337
1616731200,184.27867316065604
1616817600,184.9523740730007
1616904000,185.16404258459224
1616990400,194.64096526239248
1617076800,196.76679221675147
1617163200,197.5120246261192
1617249600,204.40348212109902
1617336000,212.91561918329748
1617422400,197.55665147235075
1617508800,204.0604131402218
1617595200,220.13428396343852
1617681600,237.96395811082053
1617768000,220.106030349346
1617854400,226.85090599617465
1617940800,221.86236304612206
1618027200,255.62019754896738
1618113600,253.6651026066682
1618200000,244.49452191686728
1618286400,267.05097170124964
1618372800,279.19228531681415
1618459200,286.91312805865
1618545600,311.50091628446836
1618632000,305.28284497424954
1618718400,273.2644392253447
1618804800,260.83744452020596
1618891200,261.84632332177847
1618977600,257.6992746139768
1619064000,253.6918762713714
1619150400,240.42955762440047
1619236800,224.78496781055384
1619323200,223.86499900913378
1619409600,247.40504633084146
1619496000,259.4665274295191
1619582400,258.20213139091277
1619668800,255.63862986369543
1619755200,271.21766320604155
1619841600,276.77315902191793
1619928000,269.0604334944829
1620014400,294.70401602933913
1620100800,306.23450394776256
1620187200,356.0370789949225
1620273600,355.7301946904386
1620360000,347.40872710192934
1620446400,346.2997923128945
1620532800,385.70446606602525
1620619200,360.0204578561021
1620705600,377.4403387880171
1620792000,304.8718918088064
1620878400,316.4830315831025
1620964800,326.2347946373428
1621051200,299.9990749392572
1621137600,296.4937808985344
1621224000,280.9820138990708
1621310400,294.9142175010673
1621396800,190.18924626123788
1621483200,210.26079066525048
1621569600,179.8351302231116
1621656000,170.09906843445484
1621742400,144.37319396304764
1621828800,183.85577068982872
1621915200,182.10845938989092
1622001600,199.0925300659932
1622088000,194.22881066151996
1622174400,176.86448126517945
1622260800,163.87891254244988
1622347200,170.9255252921369
1622433600,187.51091159370492
1622520000,182.76555108748818
1622606400,187.920945787192
1622692800,193.18513977982332
1622779200,179.57203575513773
1622865600,173.18457007754745
1622952000,176.432528947312
1623038400,161.56499822645017
1623124800,161.0834474419909
1623211200,171.72586754131893
1623297600,168.27947033805555
1623384000,162.67024393765854
1623470400,162.05588549510736
1623556800,170.81077217076609
1623643200,179.41573174434424
1623729600,175.27102204711136
1623816000,166.16315614561194
1623902400,167.12646622484505
1623988800,156.2642373273425
1624075200,153.70867029256206
1624161600,155.16392417320446
1624248000,124.77837651517089
1624334400,119.50286629900889
1624420800,128.97976246549348
1624507200,134.30151397447847
1624593600,126.38335606856226
1624680000,125.75461339598768
1624766400,132.25461599751915
1624852800,137.276168239322
1624939200,143.85920096691208
1625025600,143.98959651721
1625112000,137.5024459394219
1625198400,136.95448548264173
1625284800,140.28044360808158
1625371200,145.07580918945294
1625457600,138.42205330819766
1625544000,138.8542071452436
1625630400,137.26809984368538
1625716800,132.32306801791782
1625803200,134.96914499859727
1625889600,133.9089997852818
1625976000,134.19692110120127
1626062400,133.6854583967389
1626148800,131.0288602411643
1626235200,131.00866543030105
1626321600,125.10695770901657
1626408000,121.15070116570091
1626494400,120.11152990233646
1626580800,119.73289022512022
1626667200,113.4028784628978
1626753600,107.40267622707593
1626840000,117.43465629183758
1626926400,120.72886536758303
1627012800,124.29553086824949
1627099200,126.17455851938877
1627185600,127.52686862798744
1627272000,131.6144358526521
1627358400,134.20021302512404
1627444800,139.9860845913405
1627531200,141.54224234518665
1627617600,145.6331800684218
1627704000,145.15435904459486
1627790400,141.42256628299788
1627876800,141.45922479432014
1627963200,138.49459546915983
1628049600,143.1105733884195
1628136000,143.25098117810367
1628222400,147.85794036977168
1628308800,156.3384287858337
1628395200,149.94099127496682
1628481600,166.3667870726876
1628568000,165.5548545298492
1628654400,170.9359423583604
1628740800,165.13102941899086
1628827200,183.47163084494866
1628913600,182.71126608779184
1629000000,184.75330961348956
1629086400,178.85449751085125
1629172800,168.84263001240777
1629259200,167.39660926559372
1629345600,175.4934007548625
1629432000,183.6285263698209
1629518400,179.73614226588478
1629604800,186.31309385575517
1629691200,187.1064276274149
1629777600,173.70930753546273
1629864000,177.64078325640435
1629950400,177.04770176774892
