time,transaction_count_ltc
1318478400,92
1318564800,62
1318651200,438
1318737600,1415
1318824000,1578
1318910400,1651
1318996800,1388
1319083200,1851
1319169600,1681
1319256000,1505
1319342400,1562
1319428800,1443
1319515200,1260
1319601600,1310
1319688000,933
1319774400,1388
1319860800,1522
1319947200,1749
1320033600,1779
1320120000,1980
1320206400,2348
1320292800,2029
1320379200,2112
1320465600,1592
1320552000,1716
1320642000,1608
1320728400,1734
1320814800,1505
1320901200,1487
1320987600,2003
1321074000,1295
1321160400,1572
1321246800,1460
1321333200,4823
1321419600,21994
1321506000,15859
1321592400,11761
1321678800,2499
1321765200,4203
1321851600,2616
1321938000,1735
1322024400,1596
1322110800,1222
1322197200,1317
1322283600,1508
1322370000,1409
1322456400,1300
1322542800,883
1322629200,1170
1322715600,1186
1322802000,1157
1322888400,1314
1322974800,964
1323061200,839
1323147600,947
1323234000,928
1323320400,990
1323406800,740
1323493200,821
1323579600,846
1323666000,778
1323752400,594
1323838800,602
1323925200,715
1324011600,773
1324098000,689
1324184400,774
1324270800,746
1324357200,768
1324443600,768
1324530000,798
1324616400,801
1324702800,626
1324789200,594
1324875600,616
1324962000,719
1325048400,711
1325134800,1028
1325221200,940
1325307600,686
1325394000,649
1325480400,718
1325566800,784
1325653200,723
1325739600,760
1325826000,654
1325912400,597
1325998800,499
1326085200,430
1326171600,457
1326258000,437
1326344400,823
1326430800,868
1326517200,708
1326603600,456
1326690000,425
1326776400,386
1326862800,360
1326949200,233
1327035600,248
1327122000,287
1327208400,382
1327294800,478
1327381200,438
1327467600,515
1327554000,589
1327640400,650
1327726800,794
1327813200,663
1327899600,608
1327986000,448
1328072400,625
1328158800,867
1328245200,928
1328331600,995
1328418000,1049
1328504400,874
1328590800,1003
1328677200,1037
1328763600,935
1328850000,824
1328936400,869
1329022800,790
1329109200,733
1329195600,781
1329282000,599
1329368400,768
1329454800,736
1329541200,719
1329627600,774
1329714000,800
1329800400,776
1329886800,704
1329973200,729
1330059600,592
1330146000,495
1330232400,500
1330318800,463
1330405200,487
1330491600,496
1330578000,641
1330664400,856
1330750800,900
1330837200,611
1330923600,414
1331010000,468
1331096400,511
1331182800,473
1331269200,490
1331355600,437
1331442000,519
1331524800,455
1331611200,583
1331697600,748
1331784000,1031
1331870400,506
1331956800,442
1332043200,585
1332129600,703
1332216000,672
1332302400,708
1332388800,578
1332475200,749
1332561600,516
1332648000,510
1332734400,551
1332820800,642
1332907200,573
1332993600,518
1333080000,545
1333166400,501
1333252800,549
1333339200,503
1333425600,464
1333512000,517
1333598400,496
1333684800,557
1333771200,485
1333857600,546
1333944000,462
1334030400,606
1334116800,562
1334203200,531
1334289600,582
1334376000,519
1334462400,478
1334548800,517
1334635200,522
1334721600,529
1334808000,486
1334894400,443
1334980800,354
1335067200,412
1335153600,464
1335240000,479
1335326400,456
1335412800,490
1335499200,482
1335585600,489
1335672000,491
1335758400,552
1335844800,556
1335931200,554
1336017600,520
1336104000,397
1336190400,414
1336276800,422
1336363200,495
1336449600,508
1336536000,532
1336622400,507
1336708800,521
1336795200,460
1336881600,502
1336968000,548
1337054400,488
1337140800,505
1337227200,600
1337313600,595
1337400000,538
1337486400,657
1337572800,704
1337659200,662
1337745600,686
1337832000,674
1337918400,774
1338004800,640
1338091200,658
1338177600,684
1338264000,683
1338350400,596
1338436800,628
1338523200,434
1338609600,602
1338696000,608
1338782400,547
1338868800,587
1338955200,595
1339041600,519
1339128000,595
1339214400,610
1339300800,584
1339387200,580
1339473600,569
1339560000,631
1339646400,616
1339732800,689
1339819200,551
1339905600,524
1339992000,558
1340078400,565
1340164800,599
1340251200,609
1340337600,728
1340424000,665
1340510400,674
1340596800,753
1340683200,646
1340769600,669
1340856000,668
1340942400,557
1341028800,462
1341115200,638
1341201600,561
1341288000,868
1341374400,883
1341460800,773
1341547200,736
1341633600,913
1341720000,1191
1341806400,1151
1341892800,885
1341979200,679
1342065600,638
1342152000,697
1342238400,696
1342324800,774
1342411200,989
1342497600,1144
1342584000,947
1342670400,958
1342756800,860
1342843200,797
1342929600,685
1343016000,1012
1343102400,1156
1343188800,1049
1343275200,682
1343361600,1036
1343448000,845
1343534400,997
1343620800,963
1343707200,1442
1343793600,1735
1343880000,1263
1343966400,932
1344052800,1028
1344139200,1347
1344225600,711
1344312000,606
1344398400,753
1344484800,748
1344571200,616
1344657600,680
1344744000,1057
1344830400,746
1344916800,637
1345003200,833
1345089600,946
1345176000,682
1345262400,616
1345348800,1096
1345435200,839
1345521600,824
1345608000,660
1345694400,630
1345780800,664
1345867200,1212
1345953600,706
1346040000,1225
1346126400,758
1346212800,1048
1346299200,977
1346385600,965
1346472000,1131
1346558400,3515
1346644800,3317
1346731200,3375
1346817600,2949
1346904000,1231
1346990400,689
1347076800,1282
1347163200,2395
1347249600,2182
1347336000,2185
1347422400,1495
1347508800,1466
1347595200,1922
1347681600,2444
1347768000,1428
1347854400,1444
1347940800,782
1348027200,2645
1348113600,973
1348200000,1303
1348286400,968
1348372800,1135
1348459200,1081
1348545600,916
1348632000,1088
1348718400,754
1348804800,985
1348891200,910
1348977600,955
1349064000,852
1349150400,1051
1349236800,988
1349323200,775
1349409600,1022
1349496000,1186
1349582400,1063
1349668800,1053
1349755200,1541
1349841600,1440
1349928000,1255
1350014400,1791
1350100800,1406
1350187200,1736
1350273600,2365
1350360000,2571
1350446400,1345
1350532800,1417
1350619200,1190
1350705600,1017
1350792000,1161
1350878400,1254
1350964800,1873
1351051200,1321
1351137600,987
1351224000,1066
1351310400,1029
1351396800,947
1351483200,1077
1351569600,1128
1351656000,1072
1351742400,1100
1351828800,1042
1351915200,1623
1352001600,1170
1352091600,1143
1352178000,931
1352264400,1058
1352350800,855
1352437200,873
1352523600,1032
1352610000,1001
1352696400,994
1352782800,1137
1352869200,1037
1352955600,1096
1353042000,1166
1353128400,938
1353214800,770
1353301200,828
1353387600,918
1353474000,989
1353560400,1243
1353646800,946
1353733200,1274
1353819600,1141
1353906000,1066
1353992400,952
1354078800,1102
1354165200,1702
1354251600,1622
1354338000,1414
1354424400,771
1354510800,638
1354597200,778
1354683600,693
1354770000,603
1354856400,965
1354942800,1630
1355029200,2258
1355115600,1274
1355202000,623
1355288400,646
1355374800,666
1355461200,846
1355547600,1068
1355634000,1376
1355720400,1090
1355806800,686
1355893200,592
1355979600,810
1356066000,820
1356152400,690
1356238800,1142
1356325200,1131
1356411600,903
1356498000,677
1356584400,654
1356670800,577
1356757200,588
1356843600,775
1356930000,807
1357016400,635
1357102800,590
1357189200,620
1357275600,573
1357362000,679
1357448400,1006
1357534800,990
1357621200,861
1357707600,952
1357794000,1047
1357880400,974
1357966800,824
1358053200,756
1358139600,1248
1358226000,979
1358312400,910
1358398800,774
1358485200,633
1358571600,794
1358658000,1166
1358744400,704
1358830800,1218
1358917200,1360
1359003600,1348
1359090000,1710
1359176400,1031
1359262800,1037
1359349200,940
1359435600,1013
1359522000,1261
1359608400,966
1359694800,855
1359781200,957
1359867600,881
1359954000,1015
1360040400,937
1360126800,1024
1360213200,1411
1360299600,1263
1360386000,2008
1360472400,1800
1360558800,2052
1360645200,1221
1360731600,1185
1360818000,1481
1360904400,1367
1360990800,1362
1361077200,1453
1361163600,1800
1361250000,1704
1361336400,1362
1361422800,1125
1361509200,1323
1361595600,2110
1361682000,1530
1361768400,1656
1361854800,1613
1361941200,2547
1362027600,3012
1362114000,2270
1362200400,1777
1362286800,1767
1362373200,2087
1362459600,2183
1362546000,2565
1362632400,2143
1362718800,2149
1362805200,2064
1362891600,6095
1362974400,13253
1363060800,3094
1363147200,3546
1363233600,3575
1363320000,3025
1363406400,3173
1363492800,3017
1363579200,2781
1363665600,2918
1363752000,2879
1363838400,3248
1363924800,2464
1364011200,3241
1364097600,3803
1364184000,4990
1364270400,4285
1364356800,4403
1364443200,4189
1364529600,3992
1364616000,4506
1364702400,4503
1364788800,6409
1364875200,9858
1364961600,9954
1365048000,9878
1365134400,9251
1365220800,8726
1365307200,8271
1365393600,10874
1365480000,9364
1365566400,11432
1365652800,10667
1365739200,7975
1365825600,9968
1365912000,8960
1365998400,8282
1366084800,8093
1366171200,8613
1366257600,7872
1366344000,7782
1366430400,6769
1366516800,7661
1366603200,7727
1366689600,8066
1366776000,8670
1366862400,9248
1366948800,7865
1367035200,9163
1367121600,9174
1367208000,9275
1367294400,9099
1367380800,8990
1367467200,8031
1367553600,6280
1367640000,6168
1367726400,5948
1367812800,10636
1367899200,8712
1367985600,9035
1368072000,12776
1368158400,10503
1368244800,7000
1368331200,6924
1368417600,6596
1368504000,7218
1368590400,6500
1368676800,7434
1368763200,6638
1368849600,5660
1368936000,5590
1369022400,6375
1369108800,6248
1369195200,5319
1369281600,5939
1369368000,5997
1369454400,5080
1369540800,5138
1369627200,4880
1369713600,5115
1369800000,5065
1369886400,5250
1369972800,5100
1370059200,4260
1370145600,4495
1370232000,4544
1370318400,4539
1370404800,4655
1370491200,4544
1370577600,4810
1370664000,4443
1370750400,5104
1370836800,5420
1370923200,4798
1371009600,4529
1371096000,4606
1371182400,4796
1371268800,3496
1371355200,3529
1371441600,4037
1371528000,4325
1371614400,4841
1371700800,3889
1371787200,4647
1371873600,5390
1371960000,4360
1372046400,4337
1372132800,4255
1372219200,4867
1372305600,4656
1372392000,4217
1372478400,3905
1372564800,3754
1372651200,5367
1372737600,4961
1372824000,5444
1372910400,4369
1372996800,4008
1373083200,3451
1373169600,4039
1373256000,4287
1373342400,4343
1373428800,4198
1373515200,4835
1373601600,4328
1373688000,3749
1373774400,3397
1373860800,4369
1373947200,4634
1374033600,4298
1374120000,3881
1374206400,3883
1374292800,4147
1374379200,3546
1374465600,3723
1374552000,3888
1374638400,3590
1374724800,3693
1374811200,3461
1374897600,3438
1374984000,3171
1375070400,3750
1375156800,3641
1375243200,3817
1375329600,3552
1375416000,3742
1375502400,3593
1375588800,4106
1375675200,4316
1375761600,3768
1375848000,4292
1375934400,3875
1376020800,3455
1376107200,4067
1376193600,3518
1376280000,3614
1376366400,3756
1376452800,4036
1376539200,3900
1376625600,3237
1376712000,3001
1376798400,3529
1376884800,3850
1376971200,4167
1377057600,4541
1377144000,3958
1377230400,4089
1377316800,4357
1377403200,3819
1377489600,3466
1377576000,3967
1377662400,3987
1377748800,3649
1377835200,3973
1377921600,3880
1378008000,3765
1378094400,3167
1378180800,3493
1378267200,3797
1378353600,3774
1378440000,4250
1378526400,3865
1378612800,3831
1378699200,2568
1378785600,2669
1378872000,2459
1378958400,2756
1379044800,2654
1379131200,2758
1379217600,2910
1379304000,2781
1379390400,2655
1379476800,2614
1379563200,2744
1379649600,2480
1379736000,2259
1379822400,2460
1379908800,3678
1379995200,2895
1380081600,3158
1380168000,2595
1380254400,2693
1380340800,3742
1380427200,2602
1380513600,2777
1380600000,2924
1380686400,3303
1380772800,3609
1380859200,3198
1380945600,3379
1381032000,4311
1381118400,2705
1381204800,3324
1381291200,3112
1381377600,3868
1381464000,3099
1381550400,2514
1381636800,2676
1381723200,2938
1381809600,3191
1381896000,3229
1381982400,2463
1382068800,2725
1382155200,2960
1382241600,2586
1382328000,2859
1382414400,3079
1382500800,2945
1382587200,3311
1382673600,3851
1382760000,2611
1382846400,2783
1382932800,2746
1383019200,2422
1383105600,2754
1383192000,3172
1383278400,3906
1383364800,3165
1383451200,5633
1383541200,5833
1383627600,4624
1383714000,4860
1383800400,7033
1383886800,6798
1383973200,7176
1384059600,4892
1384146000,4540
1384232400,4385
1384318800,5036
1384405200,5258
1384491600,6919
1384578000,5942
1384664400,6927
1384750800,11730
1384837200,10338
1384923600,8077
1385010000,7905
1385096400,7879
1385182800,9001
1385269200,7526
1385355600,8790
1385442000,14055
1385528400,17147
1385614800,19508
1385701200,14892
1385787600,13739
1385874000,13535
1385960400,13386
1386046800,13046
1386133200,14085
1386219600,12934
1386306000,11231
1386392400,11503
1386478800,11014
1386565200,13532
1386651600,13596
1386738000,13171
1386824400,11929
1386910800,10920
1386997200,10084
1387083600,11848
1387170000,14430
1387256400,14900
1387342800,16321
1387429200,13251
1387515600,12559
1387602000,9763
1387688400,8952
1387774800,9782
1387861200,9829
1387947600,11207
1388034000,12703
1388120400,11120
1388206800,9633
1388293200,9545
1388379600,11600
1388466000,8920
1388552400,9369
1388638800,11705
1388725200,11829
1388811600,10534
1388898000,11825
1388984400,15887
1389070800,12554
1389157200,11771
1389243600,10459
1389330000,9272
1389416400,11062
1389502800,9350
1389589200,9953
1389675600,9473
1389762000,10505
1389848400,9407
1389934800,8946
1390021200,9339
1390107600,10054
1390194000,11501
1390280400,12161
1390366800,11547
1390453200,11547
1390539600,13606
1390626000,11695
1390712400,12446
1390798800,13340
1390885200,13026
1390971600,12603
1391058000,12250
1391144400,10534
1391230800,11079
1391317200,10541
1391403600,10556
1391490000,12947
1391576400,13055
1391662800,12048
1391749200,10990
1391835600,10544
1391922000,10620
1392008400,11734
1392094800,11840
1392181200,11642
1392267600,11901
1392354000,11543
1392440400,9968
1392526800,11487
1392613200,11035
1392699600,10026
1392786000,9717
1392872400,10517
1392958800,10449
1393045200,10159
1393131600,11315
1393218000,10532
1393304400,11584
1393390800,10458
1393477200,9581
1393563600,9510
1393650000,9328
1393736400,9723
1393822800,12134
1393909200,17182
1393995600,11354
1394082000,11258
1394168400,10565
1394254800,9730
1394341200,9960
1394424000,9249
1394510400,9203
1394596800,12404
1394683200,10293
1394769600,11002
1394856000,10196
1394942400,11248
1395028800,13468
1395115200,17859
1395201600,19743
1395288000,12382
1395374400,11547
1395460800,9478
1395547200,9023
1395633600,10540
1395720000,9950
1395806400,11011
1395892800,11260
1395979200,10349
1396065600,8423
1396152000,8742
1396238400,10215
1396324800,9469
1396411200,10780
1396497600,10448
1396584000,8551
1396670400,7747
1396756800,7858
1396843200,8641
1396929600,7633
1397016000,7768
1397102400,9654
1397188800,9589
1397275200,8024
1397361600,8146
1397448000,9873
1397534400,10278
1397620800,10644
1397707200,8315
1397793600,8290
1397880000,8060
1397966400,7840
1398052800,7835
1398139200,7532
1398225600,7220
1398312000,6969
1398398400,8487
1398484800,6950
1398571200,7000
1398657600,7008
1398744000,5703
1398830400,7513
1398916800,5768
1399003200,5513
1399089600,5551
1399176000,5313
1399262400,5593
1399348800,6044
1399435200,5948
1399521600,8313
1399608000,5888
1399694400,5808
1399780800,7392
1399867200,6967
1399953600,5768
1400040000,5235
1400126400,5892
1400212800,5365
1400299200,4254
1400385600,4449
1400472000,9499
1400558400,6832
1400644800,8105
1400731200,8786
1400817600,7606
1400904000,5383
1400990400,6391
1401076800,6950
1401163200,5757
1401249600,7191
1401336000,5739
1401422400,6652
1401508800,5312
1401595200,6249
1401681600,6947
1401768000,6299
1401854400,6573
1401940800,6207
1402027200,5283
1402113600,4226
1402200000,4467
1402286400,4724
1402372800,4848
1402459200,4391
1402545600,4597
1402632000,4304
1402718400,4489
1402804800,4298
1402891200,4788
1402977600,4664
1403064000,4609
1403150400,5810
1403236800,5079
1403323200,3648
1403409600,3883
1403496000,4087
1403582400,4439
1403668800,4034
1403755200,4156
1403841600,4312
1403928000,3782
1404014400,3872
1404100800,5172
1404187200,4829
1404273600,5557
1404360000,4378
1404446400,4065
1404532800,4734
1404619200,4362
1404705600,4932
1404792000,4371
1404878400,4297
1404964800,4344
1405051200,4526
1405137600,4989
1405224000,4729
1405310400,5481
1405396800,4828
1405483200,5775
1405569600,6855
1405656000,7110
1405742400,6007
1405828800,7463
1405915200,5620
1406001600,6248
1406088000,5709
1406174400,8204
1406260800,6993
1406347200,6718
1406433600,4586
1406520000,4613
1406606400,5564
1406692800,4805
1406779200,5728
1406865600,5490
1406952000,3819
1407038400,3994
1407124800,5076
1407211200,8388
1407297600,8202
1407384000,8276
1407470400,5336
1407556800,3839
1407643200,3900
1407729600,5679
1407816000,6523
1407902400,6606
1407988800,5337
1408075200,4216
1408161600,4283
1408248000,4694
1408334400,5970
1408420800,5319
1408507200,5687
1408593600,4551
1408680000,3832
1408766400,3247
1408852800,3372
1408939200,3418
1409025600,3698
1409112000,3717
1409198400,3164
1409284800,3971
1409371200,3609
1409457600,4027
1409544000,4307
1409630400,4041
1409716800,4170
1409803200,4769
1409889600,3115
1409976000,3603
1410062400,3892
1410148800,2972
1410235200,3510
1410321600,4378
1410408000,3955
1410494400,3646
1410580800,3630
1410667200,3968
1410753600,3857
1410840000,4107
1410926400,4365
1411012800,3845
1411099200,4231
1411185600,4439
1411272000,4575
1411358400,5174
1411444800,3884
1411531200,3553
1411617600,3580
1411704000,3496
1411790400,3506
1411876800,3614
1411963200,3421
1412049600,3042
1412136000,2524
1412222400,2342
1412308800,2472
1412395200,3304
1412481600,3507
1412568000,3309
1412654400,3782
1412740800,3416
1412827200,3965
1412913600,3438
1413000000,3648
1413086400,3020
1413172800,3066
1413259200,5345
1413345600,2594
1413432000,2750
1413518400,2579
1413604800,2627
1413691200,2625
1413777600,3006
1413864000,2502
1413950400,2430
1414036800,2802
1414123200,2694
1414209600,2548
1414296000,2153
1414382400,2991
1414468800,4016
1414555200,2769
1414641600,2498
1414728000,2589
1414814400,2863
1414900800,2404
1414990800,2364
1415077200,2248
1415163600,2605
1415250000,2393
1415336400,2446
1415422800,7350
1415509200,2763
1415595600,3622
1415682000,3047
1415768400,3881
1415854800,4561
1415941200,3574
1416027600,3311
1416114000,3336
1416200400,3409
1416286800,3050
1416373200,3325
1416459600,3433
1416546000,3345
1416632400,3306
1416718800,3177
1416805200,3318
1416891600,3346
1416978000,3404
1417064400,3004
1417150800,3047
1417237200,3263
1417323600,4216
1417410000,2913
1417496400,3472
1417582800,3315
1417669200,5670
1417755600,5241
1417842000,3049
1417928400,3075
1418014800,3121
1418101200,3323
1418187600,2476
1418274000,2591
1418360400,2470
1418446800,2852
1418533200,2585
1418619600,2943
1418706000,4049
1418792400,3053
1418878800,2871
1418965200,2867
1419051600,3528
1419138000,3818
1419224400,4356
1419310800,3787
1419397200,3059
1419483600,3074
1419570000,2771
1419656400,3184
1419742800,3278
1419829200,2889
1419915600,3405
1420002000,3043
1420088400,2848
1420174800,3195
1420261200,5201
1420347600,4937
1420434000,4530
1420520400,4196
1420606800,4334
1420693200,5235
1420779600,4360
1420866000,6204
1420952400,5734
1421038800,4379
1421125200,5706
1421211600,5465
1421298000,4395
1421384400,4708
1421470800,6269
1421557200,5511
1421643600,5351
1421730000,5487
1421816400,5055
1421902800,4692
1421989200,3433
1422075600,4751
1422162000,6468
1422248400,5929
1422334800,7047
1422421200,7703
1422507600,4369
1422594000,5785
1422680400,5827
1422766800,4150
1422853200,11732
1422939600,4349
1423026000,3543
1423112400,4301
1423198800,4776
1423285200,13183
1423371600,19857
1423458000,18035
1423544400,8879
1423630800,9398
1423717200,5586
1423803600,7721
1423890000,5423
1423976400,4909
1424062800,4261
1424149200,3518
1424235600,5333
1424322000,5083
1424408400,3680
1424494800,4363
1424581200,3951
1424667600,5133
1424754000,4880
1424840400,5970
1424926800,5993
1425013200,6474
1425099600,6445
1425186000,6225
1425272400,5092
1425358800,4387
1425445200,10194
1425531600,5777
1425618000,3857
1425704400,4681
1425790800,4343
1425873600,4190
1425960000,4562
1426046400,4408
1426132800,4177
1426219200,3894
1426305600,4460
1426392000,3559
1426478400,4132
1426564800,3788
1426651200,4004
1426737600,4092
1426824000,3800
1426910400,4162
1426996800,4485
1427083200,4147
1427169600,3938
1427256000,4203
1427342400,3700
1427428800,3429
1427515200,3699
1427601600,3848
1427688000,3565
1427774400,3855
1427860800,3714
1427947200,3523
1428033600,3422
1428120000,3456
1428206400,3391
1428292800,3721
1428379200,3627
1428465600,5383
1428552000,3968
1428638400,4963
1428724800,4894
1428811200,3949
1428897600,3584
1428984000,4751
1429070400,4462
1429156800,3957
1429243200,3885
1429329600,4247
1429416000,5386
1429502400,4031
1429588800,4144
1429675200,3752
1429761600,3878
1429848000,3821
1429934400,3392
1430020800,3422
1430107200,3410
1430193600,3428
1430280000,3114
1430366400,3061
1430452800,2835
1430539200,2949
1430625600,3410
1430712000,3438
1430798400,3197
1430884800,2998
1430971200,3400
1431057600,3385
1431144000,3681
1431230400,3167
1431316800,3592
1431403200,3590
1431489600,3435
1431576000,2860
1431662400,2966
1431748800,3153
1431835200,2978
1431921600,3616
1432008000,3172
1432094400,3062
1432180800,2846
1432267200,4498
1432353600,3628
1432440000,3731
1432526400,3424
1432612800,3153
1432699200,3369
1432785600,3255
1432872000,3065
1432958400,3180
1433044800,3597
1433131200,3986
1433217600,3612
1433304000,3879
1433390400,3064
1433476800,3319
1433563200,3387
1433649600,3045
1433736000,3738
1433822400,3196
1433908800,3124
1433995200,3421
1434081600,3967
1434168000,3433
1434254400,4402
1434340800,4375
1434427200,6420
1434513600,6622
1434600000,5208
1434686400,4896
1434772800,9503
1434859200,16654
1434945600,4332
1435032000,3995
1435118400,4622
1435204800,5584
1435291200,5529
1435377600,8973
1435464000,9308
1435550400,10743
1435636800,7881
1435723200,5210
1435809600,5086
1435896000,4945
1435982400,4787
1436068800,6324
1436155200,7810
1436241600,6124
1436328000,6852
1436414400,9613
1436500800,11648
1436587200,7624
1436673600,7378
1436760000,5789
1436846400,4613
1436932800,5091
1437019200,6819
1437105600,4395
1437192000,3514
1437278400,3874
1437364800,3217
1437451200,3510
1437537600,3224
1437624000,2902
1437710400,4465
1437796800,4021
1437883200,4157
1437969600,3734
1438056000,4486
1438142400,4278
1438228800,3230
1438315200,3163
1438401600,3593
1438488000,3703
1438574400,3850
1438660800,3571
1438747200,3188
1438833600,3620
1438920000,3147
1439006400,3486
1439092800,3270
1439179200,3620
1439265600,3389
1439352000,3513
1439438400,3149
1439524800,3152
1439611200,2920
1439697600,3107
1439784000,3819
1439870400,3424
1439956800,3850
1440043200,2949
1440129600,2668
1440216000,3287
1440302400,3116
1440388800,4400
1440475200,5531
1440561600,4204
1440648000,2763
1440734400,3419
1440820800,2900
1440907200,2707
1440993600,2877
1441080000,3268
1441166400,2870
1441252800,3065
1441339200,2988
1441425600,3403
1441512000,5977
1441598400,2977
1441684800,3063
1441771200,2816
1441857600,2794
1441944000,2878
1442030400,2738
1442116800,3621
1442203200,2999
1442289600,2603
1442376000,2964
1442462400,2814
1442548800,3270
1442635200,2673
1442721600,3804
1442808000,3418
1442894400,3663
1442980800,2964
1443067200,2816
1443153600,3444
1443240000,2559
1443326400,3569
1443412800,3693
1443499200,3703
1443585600,3495
1443672000,3070
1443758400,3075
1443844800,2809
1443931200,3601
1444017600,3364
1444104000,3515
1444190400,3563
1444276800,3284
1444363200,3970
1444449600,4165
1444536000,3715
1444622400,4669
1444708800,4374
1444795200,5283
1444881600,4435
1444968000,4462
1445054400,5807
1445140800,4855
1445227200,4278
1445313600,4290
1445400000,7378
1445486400,4476
1445572800,5255
1445659200,5713
1445745600,6300
1445832000,6287
1445918400,6953
1446004800,5716
1446091200,7109
1446177600,7988
1446264000,11663
1446350400,3944
1446440400,5365
1446526800,6952
1446613200,8463
1446699600,6148
1446786000,7884
1446872400,5463
1446958800,6517
1447045200,7680
1447131600,5200
1447218000,6068
1447304400,5937
1447390800,5196
1447477200,5861
1447563600,6191
1447650000,5786
1447736400,5531
1447822800,6994
1447909200,5843
1447995600,5835
1448082000,5784
1448168400,5268
1448254800,4540
1448341200,5098
1448427600,6242
1448514000,8688
1448600400,5558
1448686800,7482
1448773200,6029
1448859600,6425
1448946000,6213
1449032400,5033
1449118800,4749
1449205200,4661
1449291600,6008
1449378000,6442
1449464400,9440
1449550800,6363
1449637200,7234
1449723600,5826
1449810000,7599
1449896400,7407
1449982800,5847
1450069200,8017
1450155600,8641
1450242000,8647
1450328400,5275
1450414800,3626
1450501200,4366
1450587600,4275
1450674000,6300
1450760400,4237
1450846800,5387
1450933200,4089
1451019600,3097
1451106000,3830
1451192400,4728
1451278800,4069
1451365200,3997
1451451600,4562
1451538000,2860
1451624400,3136
1451710800,4917
1451797200,3794
1451883600,4535
1451970000,3792
1452056400,3232
1452142800,4731
1452229200,6832
1452315600,7472
1452402000,5113
1452488400,6913
1452574800,3998
1452661200,4160
1452747600,3302
1452834000,4134
1452920400,5179
1453006800,6082
1453093200,4494
1453179600,3104
1453266000,5369
1453352400,3912
1453438800,4386
1453525200,5025
1453611600,4643
1453698000,5146
1453784400,5552
1453870800,7193
1453957200,6290
1454043600,5041
1454130000,5638
1454216400,5291
1454302800,5589
1454389200,3366
1454475600,3219
1454562000,3939
1454648400,3761
1454734800,3695
1454821200,3402
1454907600,3572
1454994000,4141
1455080400,3139
1455166800,3151
1455253200,3381
1455339600,3252
1455426000,3451
1455512400,3873
1455598800,3685
1455685200,5035
1455771600,3736
1455858000,4824
1455944400,5272
1456030800,4723
1456117200,5275
1456203600,4052
1456290000,4684
1456376400,3822
1456462800,3919
1456549200,3584
1456635600,3821
1456722000,4700
1456808400,4725
1456894800,6565
1456981200,4283
1457067600,3646
1457154000,4443
1457240400,3827
1457326800,3685
1457413200,3127
1457499600,2954
1457586000,3789
1457672400,4714
1457758800,3261
1457845200,4081
1457928000,4158
1458014400,3446
1458100800,3583
1458187200,4480
1458273600,4443
1458360000,4362
1458446400,4601
1458532800,4272
1458619200,4864
1458705600,4249
1458792000,7126
1458878400,4160
1458964800,5010
1459051200,4581
1459137600,5255
1459224000,5205
1459310400,4923
1459396800,4970
1459483200,5587
1459569600,5474
1459656000,3872
1459742400,4161
1459828800,5809
1459915200,4994
1460001600,5822
1460088000,5313
1460174400,6030
1460260800,4689
1460347200,5222
1460433600,4048
1460520000,3839
1460606400,3898
1460692800,4388
1460779200,3526
1460865600,4252
1460952000,4444
1461038400,4357
1461124800,4245
1461211200,4605
1461297600,3976
1461384000,4755
1461470400,6336
1461556800,6860
1461643200,6469
1461729600,6955
1461816000,5731
1461902400,5654
1461988800,5063
1462075200,5894
1462161600,5691
1462248000,5337
1462334400,5891
1462420800,6905
1462507200,6238
1462593600,5743
1462680000,5261
1462766400,6434
1462852800,6837
1462939200,6763
1463025600,7054
1463112000,7199
1463198400,6309
1463284800,6220
1463371200,7454
1463457600,6990
1463544000,6630
1463630400,6676
1463716800,5574
1463803200,5864
1463889600,5786
1463976000,6259
1464062400,5427
1464148800,6225
1464235200,5851
1464321600,8993
1464408000,8104
1464494400,6509
1464580800,6834
1464667200,8108
1464753600,7149
1464840000,7029
1464926400,9525
1465012800,4141
1465099200,3515
1465185600,4314
1465272000,4230
1465358400,3891
1465444800,3670
1465531200,3734
1465617600,3681
1465704000,5175
1465790400,5440
1465876800,5090
1465963200,5141
1466049600,6314
1466136000,6585
1466222400,4332
1466308800,3894
1466395200,4840
1466481600,5269
1466568000,5582
1466654400,6734
1466740800,5294
1466827200,4501
1466913600,4022
1467000000,4196
1467086400,4274
1467172800,4812
1467259200,4471
1467345600,4251
1467432000,3953
1467518400,3505
1467604800,3950
1467691200,3835
1467777600,3922
1467864000,4225
1467950400,3783
1468036800,3641
1468123200,3371
1468209600,3706
1468296000,3911
1468382400,3234
1468468800,3371
1468555200,4922
1468641600,4057
1468728000,3307
1468814400,3423
1468900800,3363
1468987200,3719
1469073600,3845
1469160000,3671
1469246400,2945
1469332800,3428
1469419200,3580
1469505600,4717
1469592000,3568
1469678400,3074
1469764800,3235
1469851200,3177
1469937600,3235
1470024000,4122
1470110400,5055
1470196800,4813
1470283200,3854
1470369600,3456
1470456000,3391
1470542400,3645
1470628800,3476
1470715200,2861
1470801600,2879
1470888000,3413
1470974400,3506
1471060800,3295
1471147200,2820
1471233600,3279
1471320000,3414
1471406400,3289
1471492800,3214
1471579200,3186
1471665600,2725
1471752000,2764
1471838400,3642
1471924800,5717
1472011200,4376
1472097600,3721
1472184000,3325
1472270400,3294
1472356800,3104
1472443200,3451
1472529600,3559
1472616000,3581
1472702400,3356
1472788800,3594
1472875200,3229
1472961600,3365
1473048000,3441
1473134400,3559
1473220800,3248
1473307200,3421
1473393600,3001
1473480000,2538
1473566400,2809
1473652800,3433
1473739200,2973
1473825600,2922
1473912000,2561
1473998400,3295
1474084800,2439
1474171200,2432
1474257600,3229
1474344000,2919
1474430400,4015
1474516800,3033
1474603200,2511
1474689600,2363
1474776000,2983
1474862400,3002
1474948800,2934
1475035200,2775
1475121600,3128
1475208000,3068
1475294400,2923
1475380800,2457
1475467200,2463
1475553600,3028
1475640000,3075
1475726400,4228
1475812800,3804
1475899200,2875
1475985600,2974
1476072000,3447
1476158400,3397
1476244800,3385
1476331200,3463
1476417600,3382
1476504000,3049
1476590400,3052
1476676800,4214
1476763200,3639
1476849600,5045
1476936000,4004
1477022400,3527
1477108800,3127
1477195200,3086
1477281600,4026
1477368000,4866
1477454400,4582
1477540800,4864
1477627200,4324
1477713600,4212
1477800000,3670
1477886400,4280
1477972800,4427
1478059200,3682
1478145600,4396
1478232000,3739
1478318400,3405
1478404800,3463
1478494800,3703
1478581200,3644
1478667600,3654
1478754000,2975
1478840400,3174
1478926800,3181
1479013200,3815
1479099600,3395
1479186000,3823
1479272400,3801
1479358800,3520
1479445200,3209
1479531600,2893
1479618000,3417
1479704400,3465
1479790800,3592
1479877200,3009
1479963600,3161
1480050000,2686
1480136400,2797
1480222800,3057
1480309200,2998
1480395600,3296
1480482000,3402
1480568400,3334
1480654800,3334
1480741200,3069
1480827600,3029
1480914000,5061
1481000400,3980
1481086800,3530
1481173200,3921
1481259600,3012
1481346000,2667
1481432400,2687
1481518800,2757
1481605200,2304
1481691600,2530
1481778000,2778
1481864400,2853
1481950800,2756
1482037200,2779
1482123600,2974
1482210000,3723
1482296400,3408
1482382800,3437
1482469200,4679
1482555600,4730
1482642000,3578
1482728400,3248
1482814800,3258
1482901200,3804
1482987600,3316
1483074000,3415
1483160400,2646
1483246800,2747
1483333200,4112
1483419600,3604
1483506000,5059
1483592400,4727
1483678800,4169
1483765200,4112
1483851600,3274
1483938000,3536
1484024400,4613
1484110800,4758
1484197200,3734
1484283600,3971
1484370000,3075
1484456400,3578
1484542800,3108
1484629200,3692
1484715600,3326
1484802000,4835
1484888400,4301
1484974800,3276
1485061200,3393
1485147600,3256
1485234000,2787
1485320400,2806
1485406800,2505
1485493200,2436
1485579600,2402
1485666000,2382
1485752400,3767
1485838800,3320
1485925200,2641
1486011600,2491
1486098000,2693
1486184400,3032
1486270800,3849
1486357200,2797
1486443600,3429
1486530000,4376
1486616400,4030
1486702800,3231
1486789200,2356
1486875600,2487
1486962000,2323
1487048400,2536
1487134800,3347
1487221200,2161
1487307600,2731
1487394000,2302
1487480400,3204
1487566800,2738
1487653200,2573
1487739600,2635
1487826000,2620
1487912400,3125
1487998800,2453
1488085200,2942
1488171600,3019
1488258000,2631
1488344400,2573
1488430800,3203
1488517200,2882
1488603600,2533
1488690000,2533
1488776400,2499
1488862800,2458
1488949200,2543
1489035600,2464
1489122000,2510
1489208400,3012
1489294800,2880
1489377600,3146
1489464000,2656
1489550400,2886
1489636800,3653
1489723200,3483
1489809600,4170
1489896000,3689
1489982400,3146
1490068800,3148
1490155200,3408
1490241600,3444
1490328000,3818
1490414400,3649
1490500800,3937
1490587200,3294
1490673600,3641
1490760000,4511
1490846400,10619
1490932800,7207
1491019200,5477
1491105600,7467
1491192000,7652
1491278400,6794
1491364800,9620
1491451200,8754
1491537600,6023
1491624000,5759
1491710400,6858
1491796800,5929
1491883200,6468
1491969600,8222
1492056000,5025
1492142400,5070
1492228800,4631
1492315200,4292
1492401600,5361
1492488000,5560
1492574400,5477
1492660800,4556
1492747200,6476
1492833600,8028
1492920000,9973
1493006400,6675
1493092800,7240
1493179200,7795
1493265600,6917
1493352000,6074
1493438400,5990
1493524800,5989
1493611200,6543
1493697600,6522
1493784000,11914
1493870400,14330
1493956800,12755
1494043200,9550
1494129600,12455
1494216000,11874
1494302400,12872
1494388800,17635
1494475200,12483
1494561600,10242
1494648000,8557
1494734400,8025
1494820800,10690
1494907200,12540
1494993600,12639
1495080000,10631
1495166400,12384
1495252800,10803
1495339200,13207
1495425600,16172
1495512000,15601
1495598400,15907
1495684800,16143
1495771200,12953
1495857600,11572
1495944000,9833
1496030400,8862
1496116800,11084
1496203200,11714
1496289600,15795
1496376000,13871
1496462400,13426
1496548800,11704
1496635200,15647
1496721600,15331
1496808000,14840
1496894400,13606
1496980800,14219
1497067200,14880
1497153600,16975
1497240000,16046
1497326400,15540
1497412800,16893
1497499200,17072
1497585600,17421
1497672000,27528
1497758400,18565
1497844800,23393
1497931200,22471
1498017600,19453
1498104000,19403
1498190400,16713
1498276800,14472
1498363200,14998
1498449600,18802
1498536000,17785
1498622400,16077
1498708800,14234
1498795200,13569
1498881600,12068
1498968000,13600
1499054400,19840
1499140800,22723
1499227200,22501
1499313600,18221
1499400000,19363
1499486400,17123
1499572800,15017
1499659200,18445
1499745600,20525
1499832000,18478
1499918400,16756
1500004800,18712
1500091200,18159
1500177600,20230
1500264000,19427
1500350400,20873
1500436800,19058
1500523200,19610
1500609600,19278
1500696000,16352
1500782400,17133
1500868800,17043
1500955200,19513
1501041600,16598
1501128000,16271
1501214400,18711
1501300800,15458
1501387200,14256
1501473600,18436
1501560000,16693
1501646400,18365
1501732800,18659
1501819200,18595
1501905600,21275
1501992000,18828
1502078400,19102
1502164800,21047
1502251200,20641
1502337600,20216
1502424000,25842
1502510400,20097
1502596800,19976
1502683200,20104
1502769600,21660
1502856000,20056
1502942400,19879
1503028800,22554
1503115200,19537
1503201600,16429
1503288000,20001
1503374400,18246
1503460800,26066
1503547200,26375
1503633600,20531
1503720000,18880
1503806400,28107
1503892800,26564
1503979200,26515
1504065600,24919
1504152000,30563
1504238400,44067
1504324800,32475
1504411200,21931
1504497600,32986
1504584000,30852
1504670400,29107
1504756800,25690
1504843200,28624
1504929600,22738
1505016000,23481
1505102400,22840
1505188800,24390
1505275200,24893
1505361600,34548
1505448000,43144
1505534400,27542
1505620800,22012
1505707200,29051
1505793600,25992
1505880000,24168
1505966400,25888
1506052800,22860
1506139200,18540
1506225600,16531
1506312000,21181
1506398400,21480
1506484800,21831
1506571200,22614
1506657600,20473
1506744000,18333
1506830400,17501
1506916800,20685
1507003200,19392
1507089600,18975
1507176000,19455
1507262400,20561
1507348800,18558
1507435200,19846
1507521600,23158
1507608000,21902
1507694400,20247
1507780800,28669
1507867200,31319
1507953600,24482
1508040000,23927
1508126400,27154
1508212800,27196
1508299200,26667
1508385600,25230
1508472000,25409
1508558400,24063
1508644800,21477
1508731200,29762
1508817600,30002
1508904000,25209
1508990400,25724
1509076800,25536
1509163200,21768
1509249600,22828
1509336000,25684
1509422400,21538
1509508800,24157
1509595200,27529
1509681600,24524
1509768000,19249
1509854400,18545
1509944400,20785
1510030800,27637
1510117200,27657
1510203600,29077
1510290000,29698
1510376400,25978
1510462800,34159
1510549200,26605
1510635600,24375
1510722000,26290
1510808400,30400
1510894800,31024
1510981200,24365
1511067600,23815
1511154000,29536
1511240400,29760
1511326800,28407
1511413200,30623
1511499600,28816
1511586000,33856
1511672400,33004
1511758800,40417
1511845200,43480
1511931600,55781
1512018000,42914
1512104400,40679
1512190800,38855
1512277200,39697
1512363600,45698
1512450000,53733
1512536400,68780
1512622800,64009
1512709200,70853
1512795600,79163
1512882000,53943
1512968400,79265
1513054800,156717
1513141200,136446
1513227600,143609
1513314000,116514
1513400400,108366
1513486800,107871
1513573200,110604
1513659600,138052
1513746000,143881
1513832400,162372
1513918800,149956
1514005200,117738
1514091600,81111
1514178000,77925
1514264400,82613
1514350800,112765
1514437200,111207
1514523600,155481
1514610000,141900
1514696400,105948
1514782800,83076
1514869200,127924
1514955600,186764
1515042000,225860
1515128400,197217
1515214800,173712
1515301200,143412
1515387600,146511
1515474000,145848
1515560400,140304
1515646800,120843
1515733200,106887
1515819600,93443
1515906000,88779
1515992400,90381
1516078800,117447
1516165200,113111
1516251600,95276
1516338000,70009
1516424400,66798
1516510800,55466
1516597200,61730
1516683600,59717
1516770000,59072
1516856400,61836
1516942800,57452
1517029200,49382
1517115600,51278
1517202000,50067
1517288400,55270
1517374800,54531
1517461200,57962
1517547600,66669
1517634000,49384
1517720400,45225
1517806800,51043
1517893200,59946
1517979600,50320
1518066000,37148
1518152400,44811
1518238800,46594
1518325200,36009
1518411600,40374
1518498000,41515
1518584400,62134
1518670800,64146
1518757200,55687
1518843600,63949
1518930000,75280
1519016400,55631
1519102800,57841
1519189200,47113
1519275600,43229
1519362000,41534
1519448400,37171
1519534800,36437
1519621200,41920
1519707600,42480
1519794000,74744
1519880400,50091
1519966800,38813
1520053200,35091
1520139600,31630
1520226000,37546
1520312400,36769
1520398800,38530
1520485200,36806
1520571600,39903
1520658000,30991
1520744400,28583
1520827200,30179
1520913600,31265
1521000000,33328
1521086400,35691
1521172800,31561
1521259200,27818
1521345600,33000
1521432000,31025
1521518400,32184
1521604800,30694
1521691200,26996
1521777600,27804
1521864000,26526
1521950400,23312
1522036800,28790
1522123200,29504
1522209600,28661
1522296000,31286
1522382400,29474
1522468800,23726
1522555200,22487
1522641600,24488
1522728000,29115
1522814400,26433
1522900800,26848
1522987200,25893
1523073600,22584
1523160000,20591
1523246400,25284
1523332800,26399
1523419200,27354
1523505600,32619
1523592000,32661
1523678400,24558
1523764800,25481
1523851200,26699
1523937600,30020
1524024000,28570
1524110400,30261
1524196800,33553
1524283200,27629
1524369600,26376
1524456000,29507
1524542400,36949
1524628800,34019
1524715200,29268
1524801600,31274
1524888000,28846
1524974400,29353
1525060800,31786
1525147200,29737
1525233600,32848
1525320000,36421
1525406400,35402
1525492800,33200
1525579200,28210
1525665600,31101
1525752000,31268
1525838400,31099
1525924800,31719
1526011200,33882
1526097600,28876
1526184000,27074
1526270400,32093
1526356800,31630
1526443200,31414
1526529600,31063
1526616000,30415
1526702400,26596
1526788800,26436
1526875200,30491
1526961600,31372
1527048000,34215
1527134400,31260
1527220800,27911
1527307200,22351
1527393600,21214
1527480000,25213
1527566400,26702
1527652800,25487
1527739200,26334
1527825600,25487
1527912000,22879
1527998400,22155
1528084800,24326
1528171200,25172
1528257600,25346
1528344000,24254
1528430400,24566
1528516800,20786
1528603200,25391
1528689600,26587
1528776000,26358
1528862400,27843
1528948800,26120
1529035200,23315
1529121600,19810
1529208000,18680
1529294400,22327
1529380800,23667
1529467200,23108
1529553600,24046
1529640000,27225
1529726400,21577
1529812800,23255
1529899200,23049
1529985600,23372
1530072000,25168
1530158400,23694
1530244800,26267
1530331200,24450
1530417600,19808
1530504000,24424
1530590400,24786
1530676800,23752
1530763200,24041
1530849600,23975
1530936000,22246
1531022400,23498
1531108800,25370
1531195200,25265
1531281600,23993
1531368000,23309
1531454400,22931
1531540800,20652
1531627200,20578
1531713600,24580
1531800000,26348
1531886400,27438
1531972800,24101
1532059200,26160
1532145600,21282
1532232000,20243
1532318400,24764
1532404800,27110
1532491200,26322
1532577600,24811
1532664000,23944
1532750400,20812
1532836800,20677
1532923200,24424
1533009600,26512
1533096000,25343
1533182400,25224
1533268800,26825
1533355200,23147
1533441600,20405
1533528000,25206
1533614400,27812
1533700800,30339
1533787200,28422
1533873600,28160
1533960000,26817
1534046400,21981
1534132800,28397
1534219200,31445
1534305600,29572
1534392000,27953
1534478400,29406
1534564800,25886
1534651200,22699
1534737600,26422
1534824000,24430
1534910400,25595
1534996800,25387
1535083200,25651
1535169600,23083
1535256000,21534
1535342400,24818
1535428800,27061
1535515200,25522
1535601600,25178
1535688000,26726
1535774400,28620
1535860800,25248
1535947200,74778
1536033600,28882
1536120000,28653
1536206400,29506
1536292800,28434
1536379200,25991
1536465600,25265
1536552000,27868
1536638400,28481
1536724800,28478
1536811200,26906
1536897600,27316
1536984000,24969
1537070400,22179
1537156800,26124
1537243200,26103
1537329600,25047
1537416000,27979
1537502400,33476
1537588800,27046
1537675200,26115
1537761600,27627
1537848000,28344
1537934400,28463
1538020800,31736
1538107200,30752
1538193600,27191
1538280000,25678
1538366400,28782
1538452800,27095
1538539200,28000
1538625600,24039
1538712000,26361
1538798400,25146
1538884800,21492
1538971200,23160
1539057600,22835
1539144000,22736
1539230400,28090
1539316800,24858
1539403200,23406
1539489600,20822
1539576000,25061
1539662400,26416
1539748800,27262
1539835200,28438
1539921600,26501
1540008000,25055
1540094400,21166
1540180800,23686
1540267200,24759
1540353600,23624
1540440000,23596
1540526400,25836
1540612800,21412
1540699200,20398
1540785600,23862
1540872000,25187
1540958400,24488
1541044800,23545
1541131200,25610
1541217600,22635
1541304000,23125
1541394000,23722
1541480400,25287
1541566800,24783
1541653200,24702
1541739600,24704
1541826000,30686
1541912400,31761
1541998800,23812
1542085200,24187
1542171600,27472
1542258000,25736
1542344400,24970
1542430800,23990
1542517200,22302
1542603600,26482
1542690000,29091
1542776400,25804
1542862800,23595
1542949200,24058
1543035600,22675
1543122000,24047
1543208400,23655
1543294800,22852
1543381200,25022
1543467600,24147
1543554000,26265
1543640400,22753
1543726800,20152
1543813200,21575
1543899600,21448
1543986000,22328
1544072400,23111
1544158800,27082
1544245200,23659
1544331600,21575
1544418000,22763
1544504400,22066
1544590800,22057
1544677200,22369
1544763600,23350
1544850000,22674
1544936400,21513
1545022800,24849
1545109200,24504
1545195600,26676
1545282000,25363
1545368400,25601
1545454800,22843
1545541200,23117
1545627600,23398
1545714000,19501
1545800400,21421
1545886800,23365
1545973200,24943
1546059600,24736
1546146000,23038
1546232400,20550
1546318800,17760
1546405200,23310
1546491600,23400
1546578000,23729
1546664400,24483
1546750800,24596
1546837200,22512
1546923600,23257
1547010000,23704
1547096400,24429
1547182800,24297
1547269200,23895
1547355600,21273
1547442000,21552
1547528400,23446
1547614800,22655
1547701200,23338
1547787600,25533
1547874000,24162
1547960400,21108
1548046800,22322
1548133200,20999
1548219600,19718
1548306000,20641
1548392400,23775
1548478800,22337
1548565200,20614
1548651600,22394
1548738000,22087
1548824400,22290
1548910800,22061
1548997200,24853
1549083600,22814
1549170000,21527
1549256400,22157
1549342800,22150
1549429200,21421
1549515600,21709
1549602000,31023
1549688400,29388
1549774800,24705
1549861200,24721
1549947600,24061
1550034000,24334
1550120400,23170
1550206800,24256
1550293200,23423
1550379600,22042
1550466000,26120
1550552400,25854
1550638800,25819
1550725200,24425
1550811600,25684
1550898000,24851
1550984400,24340
1551070800,24141
1551157200,22563
1551243600,23361
1551330000,23633
1551416400,26147
1551502800,23958
1551589200,20828
1551675600,23390
1551762000,26240
1551848400,26027
1551934800,28190
1552021200,27135
1552107600,25435
1552194000,20997
1552276800,22841
1552363200,23969
1552449600,24157
1552536000,23712
1552622400,25489
1552708800,24547
1552795200,19831
1552881600,23002
1552968000,23393
1553054400,24045
1553140800,23630
1553227200,25492
1553313600,22830
1553400000,18774
1553486400,21547
1553572800,21440
1553659200,23499
1553745600,23053
1553832000,26197
1553918400,26185
1554004800,22671
1554091200,25517
1554177600,35034
1554264000,39794
1554350400,29731
1554436800,26768
1554523200,26033
1554609600,24003
1554696000,25967
1554782400,23994
1554868800,25088
1554955200,26512
1555041600,24482
1555128000,21692
1555214400,20060
1555300800,24651
1555387200,24108
1555473600,23327
1555560000,24440
1555646400,24652
1555732800,22281
1555819200,19075
1555905600,20933
1555992000,25298
1556078400,24747
1556164800,24100
1556251200,25563
1556337600,21701
1556424000,20013
1556510400,21393
1556596800,24301
1556683200,21494
1556769600,21775
1556856000,23055
1556942400,23225
1557028800,19099
1557115200,23011
1557201600,24255
1557288000,22658
1557374400,24235
1557460800,26856
1557547200,29717
1557633600,23711
1557720000,26785
1557806400,29204
1557892800,34623
1557979200,35264
1558065600,31251
1558152000,25862
1558238400,25430
1558324800,27781
1558411200,28630
1558497600,27238
1558584000,27372
1558670400,34386
1558756800,27207
1558843200,24756
1558929600,33199
1559016000,29930
1559102400,30469
1559188800,33827
1559275200,30983
1559361600,25787
1559448000,23444
1559534400,25653
1559620800,27411
1559707200,25434
1559793600,28286
1559880000,30004
1559966400,29260
1560052800,24802
1560139200,35155
1560225600,36421
1560312000,37723
1560398400,35175
1560484800,36290
1560571200,33020
1560657600,32452
1560744000,33879
1560830400,34261
1560916800,35605
1561003200,35705
1561089600,41045
1561176000,47926
1561262400,33585
1561348800,38044
1561435200,34798
1561521600,39187
1561608000,35182
1561694400,32184
1561780800,30851
1561867200,26221
1561953600,29452
1562040000,26329
1562126400,28005
1562212800,27487
1562299200,27968
1562385600,27112
1562472000,31597
1562558400,35218
1562644800,31131
1562731200,39901
1562817600,33080
1562904000,34244
1562990400,29969
1563076800,28899
1563163200,30542
1563249600,31731
1563336000,32315
1563422400,30760
1563508800,30011
1563595200,28111
1563681600,23360
1563768000,26659
1563854400,28340
1563940800,27424
1564027200,27014
1564113600,28177
1564200000,25963
1564286400,24601
1564372800,29139
1564459200,30135
1564545600,29821
1564632000,28951
1564718400,30862
1564804800,28348
1564891200,26623
1564977600,32184
1565064000,33948
1565150400,33276
1565236800,39808
1565323200,37674
1565409600,32550
1565496000,30242
1565582400,32593
1565668800,30148
1565755200,24231
1565841600,23746
1565928000,23694
1566014400,21565
1566100800,19787
1566187200,20759
1566273600,22464
1566360000,23187
1566446400,23052
1566532800,22460
1566619200,20683
1566705600,16881
1566792000,20691
1566878400,21495
1566964800,22565
1567051200,21443
1567137600,21790
1567224000,21236
1567310400,18923
1567396800,22539
1567483200,27635
1567569600,24046
1567656000,24801
1567742400,28280
1567828800,27090
1567915200,31130
1568001600,28045
1568088000,28191
1568174400,25604
1568260800,26418
1568347200,30554
1568433600,27762
1568520000,31231
1568606400,35537
1568692800,39895
1568779200,39428
1568865600,48582
1568952000,34911
1569038400,25427
1569124800,23991
1569211200,37725
1569297600,32703
1569384000,28975
1569470400,26006
1569556800,24353
1569643200,27931
1569729600,20199
1569816000,26657
1569902400,22390
1569988800,21691
1570075200,21057
1570161600,23913
1570248000,24612
1570334400,27214
1570420800,27427
1570507200,25078
1570593600,26037
1570680000,25643
1570766400,25570
1570852800,23407
1570939200,20630
1571025600,22020
1571112000,22717
1571198400,22151
1571284800,19971
1571371200,20907
1571457600,19818
1571544000,17403
1571630400,19624
1571716800,20235
1571803200,19659
1571889600,19926
1571976000,21599
1572062400,21967
1572148800,19294
1572235200,21196
1572321600,22325
1572408000,21126
1572494400,21294
1572580800,19902
1572667200,67142
1572753600,18128
1572843600,21222
1572930000,33013
1573016400,31179
1573102800,20340
1573189200,21741
1573275600,19529
1573362000,20027
1573448400,19619
1573534800,21156
1573621200,20242
1573707600,23340
1573794000,28898
1573880400,22380
1573966800,19558
1574053200,34279
1574139600,22027
1574226000,21518
1574312400,22796
1574398800,23516
1574485200,21607
1574571600,20051
1574658000,22153
1574744400,21441
1574830800,22157
1574917200,22240
1575003600,22131
1575090000,22314
1575176400,21540
1575262800,20976
1575349200,22729
1575435600,21978
1575522000,21111
1575608400,22410
1575694800,21015
1575781200,19721
1575867600,23474
1575954000,22429
1576040400,21500
1576126800,22324
1576213200,22726
1576299600,21343
1576386000,20332
1576472400,22944
1576558800,23602
1576645200,22116
1576731600,22803
1576818000,23735
1576904400,22449
1576990800,20022
1577077200,22252
1577163600,17858
1577250000,19754
1577336400,25743
1577422800,25651
1577509200,22656
1577595600,20546
1577682000,21252
1577768400,19127
1577854800,15266
1577941200,31144
1578027600,21256
1578114000,19141
1578200400,18806
1578286800,20221
1578373200,22192
1578459600,21734
1578546000,19374
1578632400,22369
1578718800,20953
1578805200,18332
1578891600,18662
1578978000,25122
1579064400,24009
1579150800,21473
1579237200,25070
1579323600,22981
1579410000,22862
1579496400,20802
1579582800,21842
1579669200,21726
1579755600,21707
1579842000,23234
1579928400,20217
1580014800,19741
1580101200,21498
1580187600,24049
1580274000,23817
1580360400,27038
1580446800,26369
1580533200,25936
1580619600,27365
1580706000,34575
1580792400,24912
1580878800,28228
1580965200,28107
1581051600,26957
1581138000,26179
1581224400,26158
1581310800,26394
1581397200,24744
1581483600,27773
1581570000,27783
1581656400,27323
1581742800,25858
1581829200,22549
1581915600,23506
1582002000,24477
1582088400,24939
1582174800,23546
1582261200,24189
1582347600,22117
1582434000,20513
1582520400,21704
1582606800,21821
1582693200,24434
1582779600,25182
1582866000,23666
1582952400,24045
1583038800,21625
1583125200,23356
1583211600,21772
1583298000,20401
1583384400,23449
1583470800,22856
1583557200,22571
1583643600,22767
1583726400,24745
1583812800,23645
1583899200,21480
1583985600,28365
1584072000,28780
1584158400,21153
1584244800,18974
1584331200,23032
1584417600,22117
1584504000,23034
1584590400,23966
1584676800,25683
1584763200,19646
1584849600,18238
1584936000,20471
1585022400,21205
1585108800,21010
1585195200,20601
1585281600,23426
1585368000,21892
1585454400,20428
1585540800,21773
1585627200,23902
1585713600,22423
1585800000,23442
1585886400,22537
1585972800,23783
1586059200,24144
1586145600,24750
1586232000,27268
1586318400,24745
1586404800,25003
1586491200,30625
1586577600,22579
1586664000,21507
1586750400,23009
1586836800,26225
1586923200,26034
1587009600,26407
1587096000,27186
1587182400,27293
1587268800,25194
1587355200,27432
1587441600,25279
1587528000,25310
1587614400,27187
1587700800,28242
1587787200,26560
1587873600,25148
1587960000,30150
1588046400,31508
1588132800,33129
1588219200,34689
1588305600,29877
1588392000,28054
1588478400,26528
1588564800,26777
1588651200,27982
1588737600,29352
1588824000,31358
1588910400,35032
1588996800,29207
1589083200,26480
1589169600,29677
1589256000,32463
1589342400,29431
1589428800,31229
1589515200,31419
1589601600,29927
1589688000,27985
1589774400,32426
1589860800,32922
1589947200,34080
1590033600,29976
1590120000,31623
1590206400,31808
1590292800,28109
1590379200,32055
1590465600,31476
1590552000,31109
1590638400,33256
1590724800,36320
1590811200,35234
1590897600,31522
1590984000,34065
1591070400,35377
1591156800,33031
1591243200,34257
1591329600,35519
1591416000,32593
1591502400,31232
1591588800,35440
1591675200,33619
1591761600,33798
1591848000,36927
1591934400,34939
1592020800,30845
1592107200,29541
1592193600,34099
1592280000,34058
1592366400,32288
1592452800,32123
1592539200,30994
1592625600,31615
1592712000,27300
1592798400,29762
1592884800,35032
1592971200,33927
1593057600,37887
1593144000,36758
1593230400,33296
1593316800,32022
1593403200,32513
1593489600,32028
1593576000,32234
1593662400,33373
1593748800,34271
1593835200,32266
1593921600,30309
1594008000,33943
1594094400,34261
1594180800,37180
1594267200,36345
1594353600,35456
1594440000,32826
1594526400,32901
1594612800,36035
1594699200,36914
1594785600,36869
1594872000,38139
1594958400,37963
1595044800,37625
1595131200,35085
1595217600,36874
1595304000,36362
1595390400,36879
1595476800,38973
1595563200,39020
1595649600,41949
1595736000,40327
1595822400,45708
1595908800,47595
1595995200,46628
1596081600,46497
1596168000,45241
1596254400,37643
1596340800,35488
1596427200,41825
1596513600,44167
1596600000,49062
1596686400,47671
1596772800,46662
1596859200,45869
1596945600,44557
1597032000,45692
1597118400,49436
1597204800,41910
1597291200,54521
1597377600,51942
1597464000,49178
1597550400,49963
1597636800,45093
1597723200,49298
1597809600,49687
1597896000,57345
1597982400,41976
1598068800,38539
1598155200,37883
1598241600,39637
1598328000,42130
1598414400,38870
1598500800,38960
1598587200,40182
1598673600,39127
1598760000,36999
1598846400,42350
1598932800,44561
1599019200,43935
1599105600,43171
1599192000,47485
1599278400,41509
1599364800,39010
1599451200,39910
1599537600,41560
1599624000,42871
1599710400,43496
1599796800,44243
1599883200,41510
1599969600,31212
1600056000,34993
1600142400,40196
1600228800,57394
1600315200,84689
1600401600,95327
1600488000,112159
1600574400,114522
1600660800,129564
1600747200,139126
1600833600,155026
1600920000,165775
1601006400,163168
1601092800,162605
1601179200,156817
1601265600,156506
1601352000,145857
1601438400,136550
1601524800,128723
1601611200,127137
1601697600,114721
1601784000,109816
1601870400,112400
1601956800,112774
1602043200,113105
1602129600,105895
1602216000,98023
1602302400,98297
1602388800,90377
1602475200,95048
1602561600,91817
1602648000,88605
1602734400,119376
1602820800,103875
1602907200,94335
1602993600,93764
1603080000,96255
1603166400,104095
1603252800,112291
1603339200,102053
1603425600,100960
1603512000,100811
1603598400,95616
1603684800,95291
1603771200,90282
1603857600,86381
1603944000,87397
1604030400,98648
1604116800,89745
1604203200,88250
1604293200,92091
1604379600,93547
1604466000,84726
1604552400,87604
1604638800,87477
1604725200,82481
1604811600,74652
1604898000,80318
1604984400,80585
1605070800,76730
1605157200,79721
1605243600,82474
1605330000,75450
1605416400,74371
1605502800,81652
1605589200,79329
1605675600,75031
1605762000,76804
1605848400,76494
1605934800,72243
1606021200,69462
1606107600,72600
1606194000,75711
1606280400,66158
1606366800,66023
1606453200,62802
1606539600,58663
1606626000,59332
1606712400,60723
1606798800,66000
1606885200,58038
1606971600,62531
1607058000,59314
1607144400,54634
1607230800,55287
1607317200,56166
1607403600,56116
1607490000,55813
1607576400,55958
1607662800,56321
1607749200,49448
1607835600,58304
1607922000,57541
1608008400,51944
1608094800,58689
1608181200,71951
1608267600,59656
1608354000,60011
1608440400,56577
1608526800,54904
1608613200,55955
1608699600,61317
1608786000,58108
1608872400,54194
1608958800,61107
1609045200,59369
1609131600,60288
1609218000,64247
1609304400,58731
1609390800,59818
1609477200,53103
1609563600,66870
1609650000,71819
1609736400,69407
1609822800,63120
1609909200,68735
1609995600,66450
1610082000,66398
1610168400,62648
1610254800,60534
1610341200,67125
1610427600,59246
1610514000,57793
1610600400,58356
1610686800,54827
1610773200,56228
1610859600,52380
1610946000,57437
1611032400,62938
1611118800,77055
1611205200,66403
1611291600,60491
1611378000,62142
1611464400,59689
1611550800,66255
1611637200,61644
1611723600,70064
1611810000,69642
1611896400,85731
1611982800,78644
1612069200,75831
1612155600,80082
1612242000,80022
1612328400,85952
1612414800,78975
1612501200,81226
1612587600,80886
1612674000,71289
1612760400,81284
1612846800,89771
1612933200,99063
1613019600,84580
1613106000,89291
1613192400,93307
1613278800,87592
1613365200,86643
1613451600,87071
1613538000,98738
1613624400,99239
1613710800,101770
1613797200,102001
1613883600,89546
1613970000,103496
1614056400,102068
1614142800,106241
1614229200,100354
1614315600,114981
1614402000,105222
1614488400,94734
1614574800,101604
1614661200,101959
1614747600,117749
1614834000,99539
1614920400,95367
1615006800,96671
1615093200,90555
1615179600,95639
1615266000,107709
1615352400,115052
1615438800,97259
1615525200,105745
1615611600,110670
1615698000,100365
1615780800,108180
1615867200,111237
1615953600,130636
1616040000,114405
1616126400,115157
1616212800,105578
1616299200,108921
1616385600,106571
1616472000,108063
1616558400,126584
1616644800,110470
1616731200,108820
1616817600,114513
1616904000,115185
1616990400,113198
1617076800,110600
1617163200,119245
1617249600,111963
1617336000,109891
1617422400,110209
1617508800,97329
1617595200,110352
1617681600,116958
1617768000,122624
1617854400,95944
1617940800,103263
1618027200,111532
1618113600,102664
1618200000,108446
1618286400,113059
1618372800,126744
1618459200,114068
1618545600,134592
1618632000,127117
1618718400,117344
1618804800,124055
1618891200,129750
1618977600,131599
1619064000,114679
1619150400,115827
1619236800,109770
1619323200,100075
1619409600,106563
1619496000,108257
1619582400,120956
1619668800,115134
1619755200,114180
1619841600,114113
1619928000,98466
1620014400,117360
1620100800,124332
1620187200,143695
1620273600,130417
1620360000,126788
1620446400,122147
1620532800,117622
1620619200,137557
1620705600,132344
1620792000,135431
1620878400,120794
1620964800,123576
1621051200,120198
1621137600,114472
1621224000,114901
1621310400,113923
1621396800,131893
1621483200,112160
1621569600,115219
1621656000,101076
1621742400,99621
1621828800,102884
1621915200,104453
1622001600,115067
1622088000,100893
1622174400,107492
1622260800,98629
1622347200,90179
1622433600,92086
1622520000,96657
1622606400,107309
1622692800,94990
1622779200,97285
1622865600,89895
1622952000,84758
1623038400,93358
1623124800,93510
1623211200,101929
1623297600,96032
1623384000,100534
1623470400,93061
1623556800,83880
1623643200,92043
1623729600,95066
1623816000,101383
1623902400,89218
1623988800,89263
1624075200,90219
1624161600,95995
1624248000,108255
1624334400,106728
1624420800,172920
1624507200,195728
1624593600,174266
1624680000,137413
1624766400,128479
1624852800,123798
1624939200,133831
1625025600,143435
1625112000,140620
1625198400,114149
1625284800,72173
1625371200,109842
1625457600,85784
1625544000,72883
1625630400,74754
1625716800,72381
1625803200,112984
1625889600,116777
1625976000,110411
1626062400,117736
1626148800,119366
1626235200,122125
1626321600,140497
1626408000,134048
1626494400,124029
1626580800,120248
1626667200,134587
1626753600,133495
1626840000,127809
1626926400,142470
1627012800,130344
1627099200,122988
1627185600,122255
1627272000,136259
1627358400,127383
1627444800,133579
1627531200,139309
1627617600,119638
1627704000,127088
1627790400,130536
1627876800,129502
1627963200,128962
1628049600,131179
1628136000,143430
1628222400,138710
1628308800,132066
1628395200,123807
1628481600,133398
1628568000,146410
1628654400,153195
1628740800,163168
1628827200,163449
1628913600,151116
1629000000,155353
1629086400,155850
1629172800,155612
1629259200,155422
1629345600,161416
1629432000,168199
1629518400,153571
1629604800,139080
1629691200,160996
1629777600,160349
1629864000,164679
