time,market_cap
1439006400,89835100.18623409
1439092800,55072452.79812666
1439179200,48788613.042786
1439265600,57453602.41862398
1439352000,80790167.32663517
1439438400,104558789.57857223
1439524800,145026549.33405373
1439611200,124819551.87887527
1439697600,99757425.64262255
1439784000,100335806.11619644
1439870400,87114443.49331631
1439956800,90781339.7568792
1440043200,98153846.73387909
1440129600,108548298.43338765
1440216000,103180011.42006761
1440302400,98496924.2992736
1440388800,94843318.22630405
1440475200,87069730.02112488
1440561600,83161368.86182894
1440648000,84646511.57335609
1440734400,85107512.08553104
1440820800,85669951.7500444
1440907200,92758004.01968743
1440993600,96698918.75424492
1441080000,99150965.7527513
1441166400,96542064.36037138
1441252800,92783074.08477895
1441339200,92725500.10425553
1441425600,95032818.1014963
1441512000,97485245.27909179
1441598400,93044930.3772088
1441684800,91480787.01916671
1441771200,89854780.50794935
1441857600,87164978.78625438
1441944000,76827540.5347673
1442030400,75309907.753248
1442116800,71840523.30360608
1442203200,66517232.46109054
1442289600,67558368.8180293
1442376000,67578946.46361332
1442462400,64173459.55149068
1442548800,63401081.92026601
1442635200,62589925.71671236
1442721600,65776712.48985459
1442808000,68056171.19826429
1442894400,65774633.034204334
1442980800,65881016.87410047
1443067200,63393563.03608152
1443153600,56716687.894943014
1443240000,54187555.674267925
1443326400,54952173.644470006
1443412800,47972830.697013915
1443499200,45679416.06160584
1443585600,49584491.92013466
1443672000,51287421.65527982
1443758400,49599761.171008915
1443844800,51245654.02045469
1443931200,50136894.058316015
1444017600,48875904.45350904
1444104000,46003520.24308626
1444190400,46795431.06397101
1444276800,44574700.969026096
1444363200,48709267.42794766
1444449600,47322811.5343047
1444536000,46613378.335698366
1444622400,47256999.32104462
1444708800,45483224.05594293
1444795200,42041796.77398172
1444881600,40052591.06494312
1444968000,40517114.156308286
1445054400,39842422.62403629
1445140800,39515869.2495635
1445227200,37142138.86508359
1445313600,36193369.87648734
1445400000,33037798.08928369
1445486400,34104484.95126084
1445572800,40856321.49605559
1445659200,40850894.29567371
1445745600,46403417.52245306
1445832000,47899556.02671788
1445918400,60528808.9426808
1446004800,65833872.56446245
1446091200,80008146.69151947
1446177600,84398508.45440453
1446264000,71763680.98780917
1446350400,71493437.63171382
1446440400,79014838.36289047
1446526800,74553574.87268147
1446613200,69052255.70153731
1446699600,69147439.680404
1446786000,67253104.93705846
1446872400,68033870.13857399
1446958800,71542937.9398767
1447045200,77101526.25457591
1447131600,73512905.70220378
1447218000,63098772.97867934
1447304400,63424994.047242254
1447390800,65956584.26479552
1447477200,66805116.007188186
1447563600,67629979.31368977
1447650000,68601006.4807985
1447736400,71407425.16660017
1447822800,73347619.0833722
1447909200,73195646.18319234
1447995600,69150880.59307319
1448082000,70930506.58800554
1448168400,72589156.01081654
1448254800,71708496.80720708
1448341200,70141811.25346053
1448427600,65684044.81041731
1448514000,64841524.43788986
1448600400,66076811.78546463
1448686800,67766393.18526533
1448773200,66463400.8579596
1448859600,65401401.12976486
1448946000,65608658.041174196
1449032400,63558922.65659467
1449118800,61107173.95736105
1449205200,61568845.755978346
1449291600,63776310.33746557
1449378000,64246792.72349355
1449464400,60959163.86254886
1449550800,59759498.9513875
1449637200,59503193.73880949
1449723600,61430108.23287634
1449810000,64533019.95434748
1449896400,73399382.49187961
1449982800,73215717.90679596
1450069200,74723758.02679709
1450155600,76248493.69610576
1450242000,75187809.53397118
1450328400,71937015.15331817
1450414800,69639514.49894615
1450501200,68436336.3278761
1450587600,69036983.27263102
1450674000,68049863.26259622
1450760400,67710352.83215782
1450846800,65264585.31599299
1450933200,65521558.16261808
1451019600,65920327.238983
1451106000,66239809.74982882
1451192400,64878630.00250243
1451278800,64740455.20455859
1451365200,64304409.49186642
1451451600,67787533.45693508
1451538000,72450652.34036665
1451624400,71470351.8391214
1451710800,72525316.04014388
1451797200,73072972.71466495
1451883600,72476826.55566311
1451970000,72657762.61547518
1452056400,72556648.427613
1452142800,72757337.00550255
1452229200,73847312.74560036
1452315600,75071532.37480795
1452402000,75569606.43259394
1452488400,79167450.05232349
1452574800,87506120.76137912
1452661200,85093933.07871649
1452747600,86778908.5085567
1452834000,94418313.87860245
1452920400,94637571.39623411
1453006800,94717891.72719878
1453093200,108236779.29582238
1453179600,104686852.5022466
1453266000,111735613.51999755
1453352400,116801634.97065783
1453438800,116828211.37020089
1453525200,134808506.19613713
1453611600,164519650.58501878
1453698000,176812040.18412817
1453784400,197691588.06326836
1453870800,184726402.28820914
1453957200,191668327.70247424
1454043600,193094908.04563594
1454130000,194013071.75693285
1454216400,183901017.94955465
1454302800,170720584.0992761
1454389200,171929779.98414236
1454475600,186745452.36347407
1454562000,194785116.45256528
1454648400,194018073.08845058
1454734800,192938520.98481956
1454821200,207675925.20867875
1454907600,239419109.74874043
1454994000,269092691.1378136
1455080400,333369391.2101258
1455166800,379228436.4851812
1455253200,453173665.1997286
1455339600,383643505.4007244
1455426000,377628197.0781839
1455512400,420759527.36806136
1455598800,373231490.9641759
1455685200,316061369.7339421
1455771600,313117818.1833246
1455858000,347518866.9561509
1455944400,343134199.3952868
1456030800,343988894.6963569
1456117200,399511923.7036397
1456203600,441037022.15187615
1456290000,450989143.9745909
1456376400,485731383.7897565
1456462800,463780135.6430849
1456549200,483790229.6014255
1456635600,501252084.3987397
1456722000,497200033.74973226
1456808400,525242719.6427326
1456894800,618590269.5855896
1456981200,715553660.6374221
1457067600,718903043.7742631
1457154000,859242918.8788264
1457240400,860392283.7158463
1457326800,797463970.786801
1457413200,747750700.7885461
1457499600,814144511.0726541
1457586000,883051371.4695141
1457672400,924176250.8659003
1457758800,1015383328.4043379
1457845200,1110188797.8238404
1457928000,1050664495.7154028
1458014400,994235333.5158582
1458100800,1037373838.0679215
1458187200,906595893.5524216
1458273600,797141867.8956146
1458360000,824891512.9046818
1458446400,803059221.5235928
1458532800,859937243.5730286
1458619200,909192220.5761107
1458705600,931016581.606677
1458792000,893850346.9674675
1458878400,847162043.0315968
1458964800,856973394.8924274
1459051200,840210186.9627883
1459137600,884617829.7111497
1459224000,911850316.3183498
1459310400,930821920.9428695
1459396800,928192785.6304872
1459483200,918310305.3074714
1459569600,908551386.0151381
1459656000,912251180.8031402
1459742400,894871789.3659081
1459828800,858051068.4415715
1459915200,848281696.2884063
1460001600,823211222.4424117
1460088000,782065605.236352
1460174400,760188305.4649292
1460260800,684031737.7974546
1460347200,673560479.2415814
1460433600,625631833.510144
1460520000,619354331.0240892
1460606400,666087013.4229267
1460692800,662941395.5639848
1460779200,658911726.3234397
1460865600,734395200.6658694
1460952000,738100099.9899327
1461038400,719106774.5113196
1461124800,687570531.2766265
1461211200,676359345.5754994
1461297600,639886839.720602
1461384000,641651440.6626462
1461470400,656894134.1321365
1461556800,626891281.87278
1461643200,587061762.1461893
1461729600,607388488.7450044
1461816000,591066427.4879906
1461902400,594987960.7816495
1461988800,654959392.2850231
1462075200,691847062.275452
1462161600,759438861.4940562
1462248000,765401589.1191223
1462334400,761795071.3278666
1462420800,763226099.2093925
1462507200,775078069.5286028
1462593600,749135504.7178143
1462680000,745387326.7145137
1462766400,771372503.4217144
1462852800,766740357.9223024
1462939200,793789964.128993
1463025600,840803586.4343144
1463112000,855016913.2475876
1463198400,832489439.4415119
1463284800,825356699.1887043
1463371200,845997044.4908296
1463457600,944661704.1133096
1463544000,1049874801.9817832
1463630400,1127670188.2595897
1463716800,1147535826.2318633
1463803200,1084469987.1039085
1463889600,1127938363.7560575
1463976000,1127471533.540398
1464062400,1048340220.7878453
1464148800,1007734150.3170241
1464235200,1009056743.2471211
1464321600,920171394.5555207
1464408000,921004936.3169705
1464494400,985700673.8975146
1464580800,1010869203.3729194
1464667200,1064826113.6071506
1464753600,1128230994.7796206
1464840000,1122962755.3522422
1464926400,1111150625.414079
1465012800,1115613396.428185
1465099200,1116921257.238667
1465185600,1127328783.7428505
1465272000,1143578324.6947842
1465358400,1176284148.2298615
1465444800,1172794124.6845043
1465531200,1152732363.6860478
1465617600,1132270992.2705169
1465704000,1186157122.8800921
1465790400,1344947229.8742518
1465876800,1474839352.9211032
1465963200,1491898605.4412065
1466049600,1602171173.569339
1466136000,1425237039.9914157
1466222400,1041581780.5627937
1466308800,1002376791.403353
1466395200,954403000.3411379
1466481600,979351112.0871881
1466568000,1175694438.739958
1466654400,1078100982.4112825
1466740800,1141697715.9584286
1466827200,1172429801.910908
1466913600,1149120888.9725976
1467000000,1145309875.2649589
1467086400,1090574489.1325302
1467172800,999369450.2973663
1467259200,1025116517.6069995
1467345600,993719444.0911442
1467432000,983508503.3792232
1467518400,973532252.5275488
1467604800,949642932.1848977
1467691200,877765182.1720208
1467777600,918396459.6897825
1467864000,838322438.4784797
1467950400,872599658.1379646
1468036800,929156053.4153796
1468123200,903307517.6109862
1468209600,882487205.4576696
1468296000,887845151.3250576
1468382400,881399033.8988352
1468468800,915815129.501139
1468555200,992271103.1885557
1468641600,975964380.32184
1468728000,947360163.4118446
1468814400,948591770.9242927
1468900800,940601676.5891732
1468987200,1032520828.090452
1469073600,1043984460.2609727
1469160000,1125191270.2924366
1469246400,1208021935.252835
1469332800,1112800989.9584227
1469419200,1099608589.3353686
1469505600,1081307486.3572931
1469592000,1052766549.879224
1469678400,1065489641.0463153
1469764800,1064699168.6051362
1469851200,1066137227.0189558
1469937600,1017634469.8097905
1470024000,961294543.6519256
1470110400,843528640.740502
1470196800,804597648.4012235
1470283200,901940847.4955107
1470369600,933807801.7062039
1470456000,912632685.2398909
1470542400,916572289.1873147
1470628800,924367158.953033
1470715200,974089421.956855
1470801600,1027905469.0718646
1470888000,996165761.0067163
1470974400,989113668.7102089
1471060800,983137458.2240472
1471147200,957050242.3062211
1471233600,938270047.937559
1471320000,930767941.9745198
1471406400,924754737.1461142
1471492800,921127978.453012
1471579200,904202925.1100934
1471665600,928739432.3153962
1471752000,923959419.3808682
1471838400,940740337.6125638
1471924800,930206739.8967531
1472011200,926949780.262974
1472097600,933264904.7456654
1472184000,949496941.4958162
1472270400,944897198.1049612
1472356800,925360812.6148237
1472443200,924497141.7469189
1472529600,931549176.2035681
1472616000,949314602.525378
1472702400,1028095280.101974
1472788800,1019668067.6767668
1472875200,1010803984.6502558
1472961600,995547314.4711908
1473048000,988974245.1109251
1473134400,978703129.3425362
1473220800,992741603.811446
1473307200,970108266.9905967
1473393600,962764164.3465184
1473480000,986235783.405637
1473566400,998980270.5820097
1473652800,991148104.4295548
1473739200,1009402699.733216
1473825600,1006167561.0037491
1473912000,1007023962.1060889
1473998400,1025433121.2056711
1474084800,1057826846.2765689
1474171200,1068137404.9859976
1474257600,1082707617.1188266
1474344000,1154215049.0322182
1474430400,1163844382.4208317
1474516800,1107310228.8297899
1474603200,1126668357.0024474
1474689600,1104567375.650604
1474776000,1100344875.6479936
1474862400,1096794545.732488
1474948800,1117525216.63685
1475035200,1128547658.6278055
1475121600,1119251404.594837
1475208000,1121340503.861814
1475294400,1120350353.925725
1475380800,1116568526.7562916
1475467200,1125241088.6832778
1475553600,1141645633.6074486
1475640000,1132419449.219834
1475726400,1100729460.9089956
1475812800,1088710305.2835448
1475899200,1053720666.3881387
1475985600,1057630978.2898823
1476072000,1012139107.22498
1476158400,1015459474.6662794
1476244800,1004692362.813925
1476331200,1020035507.2183168
1476417600,1020540512.270652
1476504000,1012102430.0117682
1476590400,1020520227.1254342
1476676800,1016380941.7108798
1476763200,1065902091.0446786
1476849600,1050579932.0203935
1476936000,1027182748.0320818
1477022400,1026435881.7455975
1477108800,1028555104.0882877
1477195200,1026974946.241987
1477281600,1022192065.4331409
1477368000,990845372.6501799
1477454400,989101283.3200269
1477540800,979889951.204432
1477627200,963273770.069332
1477713600,927514023.9392674
1477800000,912830289.3594074
1477886400,975176260.8447921
1477972800,919330225.8181236
1478059200,940274292.6478872
1478145600,936989357.6569146
1478232000,943390746.8122283
1478318400,953755676.6373518
1478404800,947638708.7878247
1478494800,948260091.7500496
1478581200,948227463.563101
1478667600,919313738.9074711
1478754000,925971979.9786049
1478840400,900079375.0746523
1478926800,871991756.6402301
1479013200,873270928.337901
1479099600,860825771.363141
1479186000,869179918.4649189
1479272400,874421158.9802254
1479358800,866409453.2830794
1479445200,839391027.0480897
1479531600,842932875.2295185
1479618000,834999976.18376
1479704400,824591193.3609089
1479790800,848460011.6059253
1479877200,851860316.0749267
1479963600,829130096.9171034
1480050000,815303198.4525466
1480136400,818011133.2253107
1480222800,792705899.0618429
1480309200,770142077.464654
1480395600,725663939.6496284
1480482000,745462863.3780491
1480568400,739695606.5814049
1480654800,693359233.8776519
1480741200,686990358.9137355
1480827600,681530569.1033329
1480914000,631922955.3034643
1481000400,596263251.6500878
1481086800,682226933.4998468
1481173200,738957575.754714
1481259600,724958923.8227812
1481346000,733380876.3365966
1481432400,723220654.8462687
1481518800,735388443.0877401
1481605200,738361719.263854
1481691600,732334474.5887384
1481778000,696909512.3351482
1481864400,682391024.5107907
1481950800,670165755.8435389
1482037200,687959709.9338709
1482123600,682131296.7212775
1482210000,671249709.8417553
1482296400,677668503.6791803
1482382800,671158045.0311656
1482469200,648184108.4668275
1482555600,637716603.54588
1482642000,634771784.5911512
1482728400,635594286.6634233
1482814800,645437630.120041
1482901200,646449398.9836997
1482987600,730939474.8093605
1483074000,734988248.9100673
1483160400,717140039.4758227
1483246800,730200586.3096457
1483333200,724933800.6250979
1483419600,781830257.3800899
1483506000,934574672.0075752
1483592400,950757099.4223323
1483678800,887008414.4784465
1483765200,862213346.2333515
1483851600,883487143.6118557
1483938000,922423154.6053692
1484024400,923923091.6491672
1484110800,893346854.0025816
1484197200,858575654.4129549
1484283600,866226292.1497301
1484370000,866969402.682158
1484456400,873044982.7459663
1484542800,855521915.845527
1484629200,885625174.5031799
1484715600,908758638.3567777
1484802000,913096528.2930983
1484888400,935095361.3097459
1484974800,948026494.5515558
1485061200,954979856.0531555
1485147600,948525604.3620845
1485234000,943044668.9431611
1485320400,935448315.7821745
1485406800,938960375.4353762
1485493200,936709320.1975621
1485579600,941317478.2017504
1485666000,937628493.2632754
1485752400,935905573.9605932
1485838800,947524160.3751135
1485925200,947527457.1859742
1486011600,951370862.5042728
1486098000,961572527.109823
1486184400,996284415.1183634
1486270800,1000092735.9600183
1486357200,998058576.6158245
1486443600,1012241295.330666
1486530000,1015796826.9329618
1486616400,996196871.2510164
1486702800,983589054.5254439
1486789200,1006868526.3425666
1486875600,1011392398.0113997
1486962000,1007668466.8486378
1487048400,1093812210.0255363
1487134800,1147957406.6879222
1487221200,1140032755.326244
1487307600,1142608664.061948
1487394000,1142686818.6526382
1487480400,1145751989.8102775
1487566800,1141747498.5371823
1487653200,1129346637.7463896
1487739600,1138934431.7751803
1487826000,1142711821.3258448
1487912400,1171783336.8989875
1487998800,1196707483.3523326
1488085200,1237233279.027206
1488171600,1326753344.0051363
1488258000,1420448044.992328
1488344400,1445779211.0480142
1488430800,1631183778.1469183
1488517200,1775708979.1593008
1488603600,1751981558.5705554
1488690000,1683328090.662016
1488776400,1751978553.1763322
1488862800,1730525319.4715393
1488949200,1615185918.1193614
1489035600,1562985013.0015614
1489122000,1640713885.7581365
1489208400,1771607768.9479358
1489294800,2025170064.2040386
1489377600,2514511806.1172023
1489464000,2576276438.533274
1489550400,2746310140.8922853
1489636800,3649437877.4799542
1489723200,4127796163.6037846
1489809600,3489922940.8583474
1489896000,3558638594.5352125
1489982400,3899889570.8037906
1490068800,3860285599.475643
1490155200,3692354453.402319
1490241600,3732500736.8669844
1490328000,4150548754.7734385
1490414400,4490599858.384002
1490500800,4541650443.176892
1490587200,4532701548.24457
1490673600,4476469500.6834345
1490760000,4712694603.029436
1490846400,4768029298.256395
1490932800,4508188540.120844
1491019200,4528497990.31893
1491105600,4510276337.237312
1491192000,4145128138.008363
1491278400,3946922538.911528
1491364800,4164073318.74431
1491451200,4030123616.9345555
1491537600,3909334806.4686074
1491624000,4043184685.257918
1491710400,3986902519.45013
1491796800,3952430744.6943445
1491883200,3999990600.1592307
1491969600,4021530130.2677693
1492056000,4418352743.704991
1492142400,4361044425.904081
1492228800,4325016545.099759
1492315200,4393179489.823475
1492401600,4371542619.307239
1492488000,4452482406.358032
1492574400,4541895144.812951
1492660800,4431385447.487929
1492747200,4461688232.826662
1492833600,4437972941.262433
1492920000,4430271689.075245
1493006400,4542176498.525008
1493092800,4580375257.071959
1493179200,4748717535.677113
1493265600,5276901975.954412
1493352000,6098806437.635972
1493438400,6474934349.2542095
1493524800,6637060316.798666
1493611200,7292234316.558938
1493697600,7102699399.095576
1493784000,7138676407.282901
1493870400,7923418702.891075
1493956800,8662075751.312483
1494043200,8527342910.597528
1494129600,8724393336.620562
1494216000,8273719216.415906
1494302400,7846377561.059889
1494388800,8150198244.809991
1494475200,8114645467.207625
1494561600,8088828327.582209
1494648000,7905012644.157691
1494734400,8101469584.387935
1494820800,8332749131.320704
1494907200,8233346988.276572
1494993600,7983726507.238873
1495080000,8438268545.812964
1495166400,10304493558.92531
1495252800,11508448154.619734
1495339200,12272514943.450994
1495425600,14734844515.36592
1495512000,15200004726.763538
1495598400,17162605697.47982
1495684800,18199579746.540306
1495771200,16600610759.34294
1495857600,14139155477.849174
1495944000,15850010776.858313
1496030400,16554633320.96729
1496116800,18988604408.025368
1496203200,20744226226.522354
1496289600,20624285527.02929
1496376000,20417267537.755013
1496462400,20609657815.902485
1496548800,21973121295.79752
1496635200,22729096018.90898
1496721600,23783041625.93463
1496808000,24141666485.80224
1496894400,23711508467.823322
1496980800,24713060750.865246
1497067200,27523850267.098465
1497153600,31253818082.505157
1497240000,33748748845.102245
1497326400,35372563778.81283
1497412800,34486458416.231285
1497499200,29346080710.727737
1497585600,31834290511.79743
1497672000,33028592825.676746
1497758400,33571627491.322716
1497844800,32954329810.568882
1497931200,33246247118.01993
1498017600,30186234947.956516
1498104000,29756023040.160645
1498190400,30207523897.185547
1498276800,29757776839.611908
1498363200,27398266624.596844
1498449600,23892369122.8299
1498536000,22628093672.201244
1498622400,27005787074.488644
1498708800,28487504463.06778
1498795200,27039718141.898582
1498881600,24979371093.79039
1498968000,25053037099.645462
1499054400,25902659433.727448
1499140800,25734268725.121284
1499227200,24620713163.429905
1499313600,24775716456.29776
1499400000,23663950388.532757
1499486400,22402475459.691593
1499572800,22747396239.81465
1499659200,21041187588.815655
1499745600,18230164305.79015
1499832000,18954322441.573635
1499918400,19501805983.14311
1500004800,18350449871.93684
1500091200,17153349994.16521
1500177600,14458272127.036272
1500264000,15917689338.36014
1500350400,18761611780.039474
1500436800,20652304691.162117
1500523200,20416013287.432735
1500609600,21020989045.488487
1500696000,21009080386.046455
1500782400,21403194987.73152
1500868800,21234912156.358017
1500955200,19713322817.970417
1501041600,18692863638.310795
1501128000,18902739073.77024
1501214400,18444040263.06855
1501300800,17563196566.040703
1501387200,18625964612.09978
1501473600,18360917794.988487
1501560000,20311711151.275402
1501646400,20761842697.67264
1501732800,20875449970.271626
1501819200,20906740015.05988
1501905600,22251775675.765476
1501992000,24346626164.30341
1502078400,24931444908.948277
1502164800,26382969795.549934
1502251200,28031401961.763447
1502337600,28245229097.299828
1502424000,28191057249.096123
1502510400,29346270338.148537
1502596800,27714712393.729584
1502683200,28093215771.280903
1502769600,27025272845.28003
1502856000,27575171763.04597
1502942400,28546406917.09996
1503028800,28149204510.645947
1503115200,27534475756.168053
1503201600,27574193893.75171
1503288000,29962467583.250896
1503374400,29293841743.089127
1503460800,30030518793.606224
1503547200,30246582949.578426
1503633600,31222960325.35394
1503720000,31232245635.36003
1503806400,31723667827.01832
1503892800,32390775967.996895
1503979200,34032549146.623943
1504065600,35819082692.76539
1504152000,36367325539.32862
1504238400,37056996368.48226
1504324800,34111885409.229584
1504411200,33280238751.06729
1504497600,29710399004.88563
1504584000,28542989037.477196
1504670400,31307366202.27906
1504756800,31307221160.381443
1504843200,30265209669.945026
1504929600,28675909648.47636
1505016000,27879665291.58378
1505102400,28090160703.703667
1505188800,28626173308.095943
1505275200,26068127261.194603
1505361600,24020045393.751476
1505448000,22452032017.003757
1505534400,24428144137.294136
1505620800,24056387717.680794
1505707200,27294886376.864864
1505793600,27175687517.335876
1505880000,27077739040.117073
1505966400,26109011300.74015
1506052800,24812938581.52806
1506139200,26030873031.75993
1506225600,26980068503.916046
1506312000,27531688488.43765
1506398400,27618756134.58223
1506484800,28095201472.87404
1506571200,28827202179.253952
1506657600,27671076917.671978
1506744000,28395092841.58362
1506830400,28392250281.47758
1506916800,28370616371.770897
1507003200,27784148354.197132
1507089600,27790429502.907948
1507176000,27747374787.774956
1507262400,28444424393.24098
1507348800,29263395757.653755
1507435200,29560188835.55457
1507521600,28633823552.086388
1507608000,28395760785.68472
1507694400,28583878485.10092
1507780800,28972705805.375553
1507867200,30972995700.948147
1507953600,32430976704.67851
1508040000,31568877625.066063
1508126400,32287716904.07388
1508212800,30830769038.201405
1508299200,29003672633.550926
1508385600,29436835495.153805
1508472000,29166206029.63957
1508558400,28373496702.348064
1508644800,28233614562.13486
1508731200,27221360013.26194
1508817600,28913496158.310265
1508904000,28211327272.802227
1508990400,28309116853.960693
1509076800,28263243586.59188
1509163200,28137521332.257217
1509249600,28780559421.284527
1509336000,29261994333.862576
1509422400,29315171613.10958
1509508800,28608848381.24402
1509595200,27219971738.173706
1509681600,28215950272.76711
1509768000,28738446018.57364
1509854400,28470060962.801712
1509944400,28457122145.315434
1510030800,28283490365.092983
1510117200,28752153950.5894
1510203600,30406872215.71258
1510290000,29742879456.856274
1510376400,29316449319.026276
1510462800,29544128200.44057
1510549200,30042935112.76586
1510635600,31326860625.133793
1510722000,31960971037.16837
1510808400,31458875332.91256
1510894800,31709565268.628815
1510981200,32032131217.84285
1511067600,33995949899.63175
1511154000,34623283469.455536
1511240400,35011648417.80801
1511326800,35151394280.091835
1511413200,38234844031.77841
1511499600,41320335810.572105
1511586000,44967781662.80519
1511672400,44057763025.46238
1511758800,45620528737.39318
1511845200,45218789275.25492
1511931600,45332781162.51647
1512018000,41925981800.38451
1512104400,42458846790.17077
1512190800,44434119306.984245
1512277200,44998529453.6674
1512363600,44424803401.16169
1512450000,44457776621.86471
1512536400,42669737017.6618
1512622800,40608541087.921005
1512709200,42268165935.191124
1512795600,46424671326.04612
1512882000,43354304908.637695
1512968400,45208763608.255455
1513054800,54406216063.94725
1513141200,65027352820.42776
1513227600,68537778644.74546
1513314000,64489993010.805954
1513400400,67161110203.291336
1513486800,69334848468.89476
1513573200,70775112451.76128
1513659600,79357290065.96988
1513746000,76566440638.24696
1513832400,77959296676.88043
1513918800,65019416743.236916
1514005200,70273875286.3777
1514091600,64558678642.179306
1514178000,70230211537.76021
1514264400,72072976843.3708
1514350800,72132672500.37088
1514437200,68028377702.687584
1514523600,70986850155.30893
1514610000,69237008872.36514
1514696400,69205978342.0428
1514782800,71623858056.33815
1514869200,81424371274.17093
1514955600,85479619167.86052
1515042000,91731472702.05994
1515128400,94526385410.58652
1515214800,96014501178.69914
1515301200,103243687553.99258
1515387600,110636895778.147
1515474000,116858138801.16034
1515560400,126764439244.26555
1515646800,117372681277.40015
1515733200,118215879417.58452
1515819600,130028179976.4198
1515906000,129553866836.27467
1515992400,127735798400.07593
1516078800,109144153627.86363
1516165200,92178759526.32108
1516251600,100717739045.326
1516338000,101318408666.07112
1516424400,108423250078.44789
1516510800,104512348619.45018
1516597200,98789136574.96239
1516683600,94793191144.3528
1516770000,97854698632.5791
1516856400,102999977215.13344
1516942800,101091785968.02579
1517029200,104315287940.9379
1517115600,113879165125.08093
1517202000,113673983677.93571
1517288400,109172163399.81212
1517374800,105118637749.30293
1517461200,105312150190.47052
1517547600,88539569369.82501
1517634000,91342097899.52246
1517720400,87378919247.04337
1517806800,74719817600.76213
1517893200,65875798439.10988
1517979600,77617964673.75266
1518066000,78971560379.62274
1518152400,80909034905.9235
1518238800,84664098612.7904
1518325200,80175136282.61838
1518411600,83326746025.4024
1518498000,82303207923.80325
1518584400,86018627791.16556
1518670800,90677486215.72206
1518757200,91096984258.69778
1518843600,94305237167.85971
1518930000,92448341951.09758
1519016400,92121837338.87485
1519102800,92174663546.41039
1519189200,85580930530.48517
1519275600,81684990509.01842
1519362000,83186840622.93745
1519448400,82830987403.0487
1519534800,82226668959.79543
1519621200,84315071076.15137
1519707600,86174606187.53241
1519794000,85570794189.3986
1519880400,85082530830.12674
1519966800,84699142394.96703
1520053200,84484263282.96375
1520139600,83768169480.88493
1520226000,84597425486.52367
1520312400,81842462604.86102
1520398800,76790645498.83044
1520485200,72673578190.47081
1520571600,67500382026.43689
1520658000,71184381909.49364
1520744400,69135887140.7552
1520827200,70355352274.66254
1520913600,68337949523.37486
1521000000,64998192771.80142
1521086400,59252461976.025154
1521172800,59903851856.6934
1521259200,57560134042.47333
1521345600,50009308990.78563
1521432000,53143951938.917336
1521518400,53704086796.52518
1521604800,56137988577.05542
1521691200,53469267864.35315
1521777600,51612794682.6888
1521864000,52930199454.11669
1521950400,51473203743.43093
1522036800,49286236760.76443
1522123200,45756437322.69775
1522209600,44591032208.01453
1522296000,41012333611.83598
1522382400,38061618446.64161
1522468800,39678466868.17404
1522555200,37833716831.92179
1522641600,38126414981.849625
1522728000,39706605950.76651
1522814400,38724053114.71439
1522900800,37421664541.826836
1522987200,36755138659.084366
1523073600,37885309968.879
1523160000,38922861711.01888
1523246400,39903461212.44413
1523332800,39727646661.8456
1523419200,41173948579.80408
1523505600,41182369425.48539
1523592000,41190971388.15689
1523678400,41199470480.75541
1523764800,41207973911.719475
1523851200,50517522193.12281
1523937600,50472856107.689064
1524024000,50767923061.85362
1524110400,53615564666.32065
1524196800,57728654074.64692
1524283200,59794546015.997856
1524369600,61471952411.83819
1524456000,63122618220.393715
1524542400,68151505324.84354
1524628800,63981851020.35724
1524715200,62563648575.86161
1524801600,65957866124.16824
1524888000,67037349583.19048
1524974400,67854486846.57405
1525060800,67800414525.82019
1525147200,65384927723.38683
1525233600,67365900117.673706
1525320000,72842679010.84937
1525406400,77783268993.72105
1525492800,80345254711.45586
1525579200,78821243460.04498
1525665600,74029076056.53172
1525752000,74585746210.96819
1525838400,73697784905.9441
1525924800,75057160782.08014
1526011200,69605903079.24637
1526097600,66938468521.04781
1526184000,70160788923.98125
1526270400,71711463193.97842
1526356800,72183945775.34352
1526443200,69333646236.20778
1526529600,69767499781.21452
1526616000,67753435479.35291
1526702400,69507383815.12926
1526788800,70854425637.23613
1526875200,70499300686.91827
1526961600,68014785483.709366
1527048000,61529269414.0831
1527134400,58705799758.080536
1527220800,59440079742.00721
1527307200,59518891706.23141
1527393600,57545041589.8522
1527480000,53942609694.49341
1527566400,54294279213.47258
1527652800,56228032105.35832
1527739200,57197606914.31221
1527825600,57573622575.73324
1527912000,58756796386.964195
1527998400,60971162636.32979
1528084800,60183672698.16899
1528171200,59519984948.77822
1528257600,60522890256.23613
1528344000,60870381813.285515
1528430400,60173450024.8142
1528516800,60431622173.26873
1528603200,56129631631.50876
1528689600,52814666432.32331
1528776000,52351461902.462494
1528862400,48398709453.6351
1528948800,49422256111.56423
1529035200,50385403549.14417
1529121600,49859281063.31597
1529208000,50374601922.23233
1529294400,50481895284.21658
1529380800,52908849655.154175
1529467200,53090510029.500046
1529553600,53525434369.335236
1529640000,49277667045.665436
1529726400,47346840586.54994
1529812800,45351796891.51632
1529899200,45952840787.07644
1529985600,45074478006.17939
1530072000,43639322154.77888
1530158400,43697077282.0235
1530244800,41911685759.561
1530331200,45228208737.66105
1530417600,45481087938.17985
1530504000,46263898689.310356
1530590400,47519051023.137146
1530676800,47054047972.26042
1530763200,47652041505.03246
1530849600,47416757185.5197
1530936000,47457595134.55097
1531022400,49658571814.14369
1531108800,48719874930.53086
1531195200,45509527172.398506
1531281600,44325243081.79664
1531368000,43771708939.95306
1531454400,44018405410.4984
1531540800,43855858176.75472
1531627200,44756939995.546715
1531713600,46822161834.122345
1531800000,48572786317.764366
1531886400,49977894645.3043
1531972800,47867887544.68682
1532059200,46347964702.37529
1532145600,46451539916.48875
1532232000,46835645014.80885
1532318400,46531448288.1695
1532404800,47253998443.25593
1532491200,47821202189.96764
1532577600,48075907285.55002
1532664000,46999937720.355705
1532750400,47231253241.95092
1532836800,47054987934.47568
1532923200,46456622441.855774
1533009600,44678302633.1187
1533096000,42657944483.25244
1533182400,42159897414.306984
1533268800,41721468314.8494
1533355200,41721059456.27707
1533441600,41230541236.85289
1533528000,41362230185.78226
1533614400,40949328039.138435
1533700800,37260308302.67063
1533787200,36763624525.809586
1533873600,35860831191.69267
1533960000,32488137108.42024
1534046400,32729556969.80627
1534132800,31694714259.985966
1534219200,26891457807.305504
1534305600,29204152203.14313
1534392000,29297650736.84345
1534478400,30498269504.6627
1534564800,30854055125.438534
1534651200,30257738354.753704
1534737600,29735414486.042614
1534824000,28357631981.680294
1534910400,28881864981.54113
1534996800,27963669614.859085
1535083200,28158113971.379986
1535169600,28521189495.352097
1535256000,27943655330.98598
1535342400,28200347498.88327
1535428800,29318292923.544342
1535515200,29750221918.233337
1535601600,28798017634.348408
1535688000,28625153367.487854
1535774400,29530884268.70938
1535860800,29962699799.43429
1535947200,29538589925.572258
1536033600,29286306947.313587
1536120000,27059503961.59861
1536206400,23100141640.242783
1536292800,22815131050.18626
1536379200,21713584131.14491
1536465600,20182441060.168594
1536552000,20053842924.643604
1536638400,19452724092.08621
1536724800,18021947180.65161
1536811200,20118146795.150528
1536897600,21754566213.881878
1536984000,22285458664.425945
1537070400,22269055362.155033
1537156800,21765754830.376694
1537243200,20798661815.17084
1537329600,21415634313.709053
1537416000,21532829016.162014
1537502400,23465683829.87916
1537588800,24575346889.05291
1537675200,24735105509.5929
1537761600,24175792435.841705
1537848000,21969129761.775085
1537934400,22038378745.99273
1538020800,22407879792.89826
1538107200,23128541413.9709
1538193600,23179099886.21333
1538280000,23804999139.361256
1538366400,23588568223.014717
1538452800,23396383284.21623
1538539200,22550582173.76554
1538625600,22912980254.345
1538712000,22833736616.81526
1538798400,23152451208.297573
1538884800,22993277136.528015
1538971200,23298164178.81264
1539057600,23383916741.232616
1539144000,23147009122.324944
1539230400,20720102151.781384
1539316800,20065737871.007877
1539403200,20438981177.185787
1539489600,20506421379.52682
1539576000,21227450626.022434
1539662400,21505525965.761215
1539748800,21386432933.250134
1539835200,21132903701.906235
1539921600,20889296403.78769
1540008000,21039104385.121696
1540094400,21226707712.88871
1540180800,21033796307.152534
1540267200,20920141139.50437
1540353600,21009910482.557617
1540440000,20850704852.723568
1540526400,20879004667.413376
1540612800,20970441532.718227
1540699200,21023987230.382214
1540785600,20683323744.209164
1540872000,20297251712.43419
1540958400,20318817742.152443
1541044800,20481877497.001427
1541131200,20550604664.1295
1541217600,20611721523.435863
1541304000,20879661259.182587
1541394000,21489028921.602768
1541480400,21891857820.23459
1541566800,22556761411.30181
1541653200,22110055669.43943
1541739600,21774535763.534702
1541826000,21859237277.938644
1541912400,21776535807.36683
1541998800,21781081687.858463
1542085200,21513912998.561043
1542171600,20288309549.54328
1542258000,18378899799.645626
1542344400,18378702321.82849
1542430800,17992419021.201267
1542517200,18179375649.18574
1542603600,16508433566.750889
1542690000,14360852361.064854
1542776400,13829440334.124107
1542862800,13791969680.689486
1542949200,12718339606.192856
1543035600,12634636592.092985
1543122000,11359158394.220446
1543208400,11624279994.173273
1543294800,11009685697.07339
1543381200,12084195672.325102
1543467600,12339838285.470232
1543554000,11945603387.70352
1543640400,12024366630.537317
1543726800,12164343712.884655
1543813200,11585625263.951756
1543899600,11404986845.909212
1543986000,10835830748.45648
1544072400,10368683292.581318
1544158800,9101322775.507524
1544245200,9472614140.35938
1544331600,9752184417.432703
1544418000,9627889730.884201
1544504400,9324589606.910097
1544590800,9383460471.261066
1544677200,9269473118.207996
1544763600,8911149992.836752
1544850000,8744466202.351892
1544936400,8991721650.835148
1545022800,9302071261.346148
1545109200,9853727140.771364
1545195600,10793029789.72234
1545282000,11305344815.921356
1545368400,11821713719.903122
1545454800,11586764330.227695
1545541200,13383891827.61551
1545627600,15196444185.580933
1545714000,13471348479.457361
1545800400,13634798556.754114
1545886800,12997948449.816805
1545973200,12842837419.430449
1546059600,14366408966.60932
1546146000,14351756312.973635
1546232400,14203932188.131462
1546318800,14145564771.853605
1546405200,15415539499.859676
1546491600,15767466266.10492
1546578000,15846167341.173906
1546664400,16471064281.16976
1546750800,16137408149.631435
1546837200,16110547170.37989
1546923600,15733452547.874058
1547010000,15833103446.189604
1547096400,14342229085.68295
1547182800,13356080577.538733
1547269200,13272526334.996061
1547355600,12828034226.128618
1547442000,12728092224.355051
1547528400,13315703730.0725
1547614800,12880688875.761238
1547701200,12804825123.099958
1547787600,12771588869.766634
1547874000,12911380766.105682
1547960400,12739445712.560308
1548046800,12299589266.17734
1548133200,12325305610.351902
1548219600,12384575624.975695
1548306000,12230993068.587017
1548392400,12211256818.142515
1548478800,12234095525.60923
1548565200,12066906997.906322
1548651600,11224258622.823082
1548738000,11051407912.747072
1548824400,11218984344.079063
1548910800,11319848611.636976
1548997200,11168238848.883718
1549083600,11289819815.907969
1549170000,11372004521.682331
1549256400,11282488347.154448
1549342800,11255449960.02948
1549429200,10907474985.35751
1549515600,11013975253.517
1549602000,11567524839.690683
1549688400,12474333763.140968
1549774800,12447479066.396255
1549861200,12726027109.312447
1549947600,12695478739.481411
1550034000,12885566244.499895
1550120400,12856706474.17713
1550206800,12843514165.558779
1550293200,12930177443.573568
1550379600,13247468431.178291
1550466000,14794521967.172716
1550552400,15488111088.621376
1550638800,15325639665.919277
1550725200,15360431894.608839
1550811600,15517011402.73396
1550898000,15854201837.564583
1550984400,16182800700.226723
1551070800,14657505135.824883
1551157200,14508974686.507357
1551243600,14476389864.253155
1551330000,14454470101.342342
1551416400,14436688587.859383
1551502800,14175015644.054617
1551589200,14117981880.997286
1551675600,13491448553.675919
1551762000,13877272013.23287
1551848400,14527307203.876884
1551934800,14595294437.42829
1552021200,14466167070.23293
1552107600,14462137047.261395
1552194000,14391699410.017246
1552276800,14198345359.803108
1552363200,14070584129.571407
1552449600,14047764335.445421
1552536000,14045404703.069994
1552622400,14308486939.924767
1552708800,14958858646.945751
1552795200,14786060697.258856
1552881600,14728299918.72799
1552968000,14745352660.028088
1553054400,14679791088.037344
1553140800,14630861426.820904
1553227200,14479394356.983551
1553313600,14531478304.606009
1553400000,14467887096.181625
1553486400,14317020564.519253
1553572800,14213208794.65129
1553659200,14667629168.904829
1553745600,14753486861.871147
1553832000,14798337161.835546
1553918400,15095320839.924591
1554004800,15001470765.664299
1554091200,15015610489.475266
1554177600,16116050673.178919
1554264000,17867186533.83629
1554350400,16996733788.257175
1554436800,17211480246.201324
1554523200,17457037632.620636
1554609600,17805459348.614483
1554696000,18981540692.25972
1554782400,18721919589.152374
1554868800,18974515162.947506
1554955200,17759009765.50927
1555041600,17373206377.45803
1555128000,17382613717.118904
1555214400,17366268996.672405
1555300800,17510616141.87913
1555387200,17324257003.4564
1555473600,17633678979.99073
1555560000,18223328914.27319
1555646400,18262192917.71916
1555732800,18405187269.04201
1555819200,18040069397.4612
1555905600,18082622060.206882
1555992000,18395947041.638252
1556078400,17620060342.143238
1556164800,17350674444.92488
1556251200,16444574346.22012
1556337600,16655834933.854853
1556424000,16754715225.399384
1556510400,16523477310.465893
1556596800,16785695682.165274
1556683200,17097577840.268911
1556769600,17080224443.821943
1556856000,17637660117.022175
1556942400,17500730129.005177
1557028800,17309475863.475674
1557115200,17661879436.33771
1557201600,18646861345.60229
1557288000,18006090741.240524
1557374400,18034758089.38508
1557460800,18340528847.697887
1557547200,19795992113.52228
1557633600,20264339011.392876
1557720000,20560057065.943314
1557806400,21945512317.05758
1557892800,24545392689.988853
1557979200,27638561708.527344
1558065600,25422951738.592182
1558152000,25294738310.819794
1558238400,26911242304.631134
1558324800,26528249414.756195
1558411200,26850268150.42672
1558497600,26913591977.703785
1558584000,25658697008.581734
1558670400,26513130909.37721
1558756800,26774463153.68715
1558843200,26838583414.803596
1558929600,28552060615.257504
1559016000,28790217561.62584
1559102400,28666102078.159676
1559188800,29287337779.210342
1559275200,27494205372.737385
1559361600,28506725468.754948
1559448000,28601268210.123325
1559534400,28062397572.200462
1559620800,26165246959.376007
1559707200,26039544809.671734
1559793600,26094828666.133175
1559880000,26578999499.958946
1559966400,26409365330.92532
1560052800,25501684782.01979
1560139200,25569254079.260517
1560225600,26041495873.998123
1560312000,26753504135.14254
1560398400,27619085865.00767
1560484800,27401183663.294193
1560571200,28350400478.493668
1560657600,28900473946.98557
1560744000,28971156734.771774
1560830400,28600457342.374924
1560916800,28542894324.45544
1561003200,28698161446.8297
1561089600,30554915726.21341
1561176000,32707667303.596233
1561262400,33236223526.71091
1561348800,32818975094.604435
1561435200,33256068837.435333
1561521600,35857989513.834625
1561608000,33294241713.440468
1561694400,32432971805.67824
1561780800,32631019784.340115
1561867200,32783300368.369186
1561953600,31119798178.29835
1562040000,30408790645.42206
1562126400,31572964395.599167
1562212800,31623925162.336536
1562299200,30821446054.081757
1562385600,31160633136.29046
1562472000,31445436965.487286
1562558400,32861615756.828808
1562644800,33380370381.157032
1562731200,32236307432.8772
1562817600,29311645384.42264
1562904000,29279652959.508354
1562990400,28922809217.287556
1563076800,26847874787.918232
1563163200,24222135069.992275
1563249600,23430883299.406757
1563336000,22007949390.829334
1563422400,23362756032.06893
1563508800,23621397517.24509
1563595200,24375066702.767685
1563681600,24056454241.498074
1563768000,23678411388.12314
1563854400,22912770445.621334
1563940800,22403765673.152958
1564027200,23720013404.762703
1564113600,23243942967.072376
1564200000,22910632330.786705
1564286400,22373376397.543148
1564372800,22612431779.566544
1564459200,22480850659.73809
1564545600,22986367028.011497
1564632000,23033439270.73888
1564718400,23444387889.636463
1564804800,23853310930.115208
1564891200,23655844239.57227
1564977600,24818261380.230217
1565064000,24638790447.18533
1565150400,24233722954.333206
1565236800,23933045448.431023
1565323200,22898354523.954906
1565409600,22403698787.580975
1565496000,22717684708.802357
1565582400,22818654434.047405
1565668800,22427597438.691883
1565755200,21622721780.48512
1565841600,19873437540.091553
1565928000,19888633948.527622
1566014400,19847208473.78174
1566100800,20446047357.83487
1566187200,21376044151.215733
1566273600,21309926209.214466
1566360000,20163237744.12001
1566446400,20292479537.506184
1566532800,20719018458.011215
1566619200,20464138242.441826
1566705600,20321889770.245457
1566792000,20410819011.560066
1566878400,20128213357.123302
1566964800,19744816304.754147
1567051200,18293300001.738422
1567137600,18183738170.116245
1567224000,18241726688.13747
1567310400,18454264613.778618
1567396800,18702485955.949787
1567483200,19273328253.142662
1567569600,19150701967.498238
1567656000,18710857761.823753
1567742400,18762315874.582146
1567828800,18694218791.678913
1567915200,19496258361.82104
1568001600,19458292000.265194
1568088000,19516914056.957523
1568174400,19275350431.049656
1568260800,19340824493.63277
1568347200,19386215967.1203
1568433600,19751763018.50155
1568520000,20331493432.560974
1568606400,20877642259.277103
1568692800,21817332646.212048
1568779200,22963955691.87213
1568865600,22877267487.9464
1568952000,23466025734.267056
1569038400,23408144980.90682
1569124800,22758207897.867756
1569211200,22512061606.335773
1569297600,20682617470.129784
1569384000,18280714801.65988
1569470400,18089857091.993713
1569556800,18064191959.44519
1569643200,18806508565.472473
1569729600,18464458911.094555
1569816000,18717523286.65715
1569902400,19414525475.365646
1569988800,19144978555.39311
1570075200,19094255902.090652
1570161600,18990841324.949356
1570248000,19004092756.708054
1570334400,18875944794.17346
1570420800,19075176724.09408
1570507200,19593468340.979652
1570593600,20144098700.03325
1570680000,20731595837.614468
1570766400,20238075393.437477
1570852800,19883718053.554657
1570939200,19786542697.06719
1571025600,19943785510.172
1571112000,19871727894.830124
1571198400,19233956110.181446
1571284800,19124497156.1989
1571371200,18881222652.310066
1571457600,18807045788.04029
1571544000,18767786467.869286
1571630400,18959581997.231697
1571716800,18854321966.70978
1571803200,17897496503.861652
1571889600,17569043265.168564
1571976000,18356502004.85523
1572062400,19760485649.332188
1572148800,19735855846.254864
1572235200,19924143246.874374
1572321600,20225844169.27316
1572408000,20099489823.950264
1572494400,19912726999.27465
1572580800,19808009370.418518
1572667200,19948805767.42081
1572753600,19841788298.863113
1572843600,19999388517.6472
1572930000,20354860620.701073
1573016400,20709750868.807095
1573102800,20441865013.944668
1573189200,20121058490.934795
1573275600,20067628713.332005
1573362000,20384668366.255787
1573448400,20343737045.92993
1573534800,20207432365.67399
1573621200,20327120351.992756
1573707600,20255175936.780872
1573794000,19840773738.333458
1573880400,19818324559.361637
1573966800,20074174987.91718
1574053200,19921784454.541782
1574139600,19327688892.807964
1574226000,19254005619.265614
1574312400,18357358423.020424
1574398800,16754759991.320684
1574485200,16424772299.966257
1574571600,16259133539.068798
1574658000,15545249814.575579
1574744400,16035373744.826828
1574830800,16269529325.46246
1574917200,16704362171.61288
1575003600,16757884760.06277
1575090000,16756531532.275663
1575176400,16267339305.890926
1575262800,16227040221.56843
1575349200,16163166150.875046
1575435600,16032703437.754038
1575522000,16050356552.177986
1575608400,16182290862.715431
1575694800,16235912593.53227
1575781200,16331675389.412954
1575867600,16291399119.162697
1575954000,16003263627.024548
1576040400,15838323280.254564
1576126800,15682666850.060604
1576213200,15777680001.558002
1576299600,15654133274.992006
1576386000,15542880659.239262
1576472400,15246905805.694689
1576558800,14198656867.813955
1576645200,13694096308.619751
1576731600,14006192015.633392
1576818000,14017596110.252066
1576904400,13990937936.458311
1576990800,14173969356.517483
1577077200,14428870741.037369
1577163600,14075822116.811558
1577250000,13786532773.793962
1577336400,13826601874.275915
1577422800,13776247070.156967
1577509200,13995491629.36285
1577595600,14380235022.638775
1577682000,14610339693.685673
1577768400,14362987432.126362
1577854800,14301833647.66308
1577941200,14097487726.84017
1578027600,14323009164.920897
1578114000,14635017602.447441
1578200400,14936220185.049267
1578286800,15381321767.90819
1578373200,15653715774.967445
1578459600,15616716860.206598
1578546000,15173503704.97169
1578632400,15233275055.713306
1578718800,15710675878.284697
1578805200,15795002566.147295
1578891600,15752157017.528341
1578978000,16805774773.11961
1579064400,18016107727.057884
1579150800,17753124098.180515
1579237200,18452588708.372074
1579323600,18849672386.81347
1579410000,18641028751.263912
1579496400,18152711648.379025
1579582800,18359718115.94351
1579669200,18440071338.27285
1579755600,17917448695.29416
1579842000,17634379092.06026
1579928400,17582492612.28325
1580014800,17927447049.563927
1580101200,18553899061.5767
1580187600,18900343969.12108
1580274000,19368765565.11298
1580360400,19452966868.56348
1580446800,19829115818.50133
1580533200,19961299234.457542
1580619600,20568728618.883957
1580706000,20811935547.59575
1580792400,20616316642.048992
1580878800,21460527927.49523
1580965200,22944846826.62227
1581051600,24041306296.477478
1581138000,24415603063.61908
1581224400,24940330968.2256
1581310800,24457952986.717773
1581397200,24718560445.464924
1581483600,27889387478.323723
1581570000,29332329004.29383
1581656400,29853925103.451374
1581742800,30410694840.32542
1581829200,28901708925.76429
1581915600,27838178660.27342
1582002000,29778850506.724083
1582088400,30516917901.613647
1582174800,28376101004.71259
1582261200,28776164066.31205
1582347600,28766572424.255127
1582434000,29543780004.720272
1582520400,29400813300.198215
1582606800,28248854029.504436
1582693200,25821524224.094547
1582779600,24909500154.04557
1582866000,24802636559.231125
1582952400,24914234912.657047
1583038800,24205043304.351868
1583125200,24785381694.67218
1583211600,24969658520.750637
1583298000,24713247723.116646
1583384400,25306118880.10864
1583470800,25948522406.526882
1583557200,26715271525.238758
1583643600,24688733285.217552
1583726400,22143329958.729298
1583812800,22213985377.06403
1583899200,21648729342.266415
1583985600,17205803779.09452
1584072000,13716725904.696453
1584158400,14255874618.312935
1584244800,13720490849.75743
1584331200,12563074313.382713
1584417600,12664474203.39367
1584504000,12539165943.953053
1584590400,13746124581.91111
1584676800,15145496338.197845
1584763200,14556294893.75029
1584849600,14386526165.048815
1584936000,14061887787.056507
1585022400,15142075754.10571
1585108800,15148569130.811962
1585195200,15020477734.830465
1585281600,15159035171.140543
1585368000,14264902650.539232
1585454400,14217622637.749851
1585540800,14434575190.336292
1585627200,14671157669.026052
1585713600,14587699498.498837
1585800000,15345862549.709555
1585886400,15782316446.423689
1585972800,15763923603.668741
1586059200,15894261375.535902
1586145600,17094121437.226936
1586232000,18821881787.985332
1586318400,18743242220.93431
1586404800,18867012342.278385
1586491200,17783684693.00537
1586577600,17496559084.897556
1586664000,17664927365.47256
1586750400,17054600563.552649
1586836800,17481055009.95977
1586923200,17413686890.276337
1587009600,18218973487.68051
1587096000,18917644063.93521
1587182400,19686937206.96825
1587268800,20345332554.00788
1587355200,19897662989.05193
1587441600,19123175418.743317
1587528000,19684868488.395374
1587614400,20457451444.823013
1587700800,20913994039.222607
1587787200,21443373554.62618
1587873600,21724183703.97415
1587960000,21731994674.50782
1588046400,21796156967.85488
1588132800,23047172332.643715
1588219200,23849209076.581905
1588305600,23580482459.803997
1588392000,23760779674.02592
1588478400,23710742386.85367
1588564800,22711218541.973183
1588651200,22959486301.736977
1588737600,23157004828.597794
1588824000,23004100517.072872
1588910400,23608755090.029434
1588996800,23537081458.70338
1589083200,20971921415.716934
1589169600,20811303426.432114
1589256000,20996890136.28772
1589342400,21436360723.490715
1589428800,22250118880.255814
1589515200,22098005667.625988
1589601600,22202613068.66093
1589688000,22694781994.046944
1589774400,23603848916.730743
1589860800,23601810637.35267
1589947200,23566696459.759296
1590033600,22787064306.744904
1590120000,22572442563.98008
1590206400,23098053946.16976
1590292800,23083861899.86773
1590379200,22627661065.125225
1590465600,22557896324.600895
1590552000,22856661828.554993
1590638400,23443002842.335175
1590724800,24510372116.89586
1590811200,25718015758.368065
1590897600,26344915048.32314
1590984000,26466557864.082264
1591070400,27098092679.68645
1591156800,26569577116.53827
1591243200,27005954698.560593
1591329600,27089892241.542408
1591416000,26894046124.11405
1591502400,26832842543.60785
1591588800,27112603973.40049
1591675200,27132263028.336964
1591761600,27261263908.111412
1591848000,26965397902.906414
1591934400,26276881159.29803
1592020800,26450334794.962868
1592107200,26340909982.319218
1592193600,25429141409.437355
1592280000,25990541435.109234
1592366400,25957194505.75968
1592452800,25871702294.21836
1592539200,25536474297.040936
1592625600,25511765863.22442
1592712000,25694523300.701027
1592798400,26416498681.732677
1592884800,27059122669.185234
1592971200,26809170617.396538
1593057600,26051812102.99524
1593144000,25820316775.889343
1593230400,25489181955.74156
1593316800,24988750543.015774
1593403200,25135484679.148647
1593489600,25334582318.589073
1593576000,25527257737.387016
1593662400,25599931520.01918
1593748800,25348339329.112408
1593835200,25303492581.729473
1593921600,25290477190.85049
1594008000,26118341493.75151
1594094400,26597735235.480946
1594180800,27158206652.380722
1594267200,27251320402.44957
1594353600,26763693800.633873
1594440000,26771917212.40408
1594526400,26803271736.160984
1594612800,27012167036.240692
1594699200,26764490672.098476
1594785600,26720074247.348175
1594872000,26215739500.97921
1594958400,26067732859.94009
1595044800,26209997117.678066
1595131200,26254054123.155136
1595217600,26581158221.517746
1595304000,27006479288.195633
1595390400,27444786442.46159
1595476800,29873923500.818977
1595563200,30822765575.87922
1595649600,32201152049.622982
1595736000,34355967492.610847
1595822400,36066702023.42215
1595908800,35560347966.74027
1595995200,35864593371.000084
1596081600,36082487022.979034
1596168000,38044339883.1596
1596254400,40473787106.003624
1596340800,42339439582.12771
1596427200,43289136780.59451
1596513600,43831157537.11528
1596600000,44241589520.62151
1596686400,44518040880.646164
1596772800,43610888106.091194
1596859200,43268763576.581215
1596945600,43992028521.25194
1597032000,44358748794.18069
1597118400,43478099396.01306
1597204800,42838704751.64277
1597291200,44698220257.71486
1597377600,48461895623.12476
1597464000,48959973978.41662
1597550400,48070876050.40668
1597636800,48368274840.37426
1597723200,48073286415.38283
1597809600,46288632463.31203
1597896000,46204511476.24828
1597982400,45665941747.97493
1598068800,43809406220.81928
1598155200,43938268187.61009
1598241600,44997899567.12824
1598328000,44041140114.527855
1598414400,43314207002.396965
1598500800,43135202608.16928
1598587200,43968631581.44587
1598673600,44948497901.82218
1598760000,46340642924.95048
1598846400,48335115644.1285
1598932800,52211003032.121284
1599019200,51013014847.187096
1599105600,47355946922.50941
1599192000,43778825892.02434
1599278400,40673561396.67658
1599364800,38689358853.603836
1599451200,38938458743.33068
1599537600,38557139893.986885
1599624000,38970717338.45273
1599710400,41403582369.990616
1599796800,41300667082.19496
1599883200,42204635938.509056
1599969600,42158158048.59937
1600056000,41815646575.367226
1600142400,41899181944.90643
1600228800,41102901935.032555
1600315200,43029579136.9146
1600401600,43343103780.29387
1600488000,43224486221.421524
1600574400,42449408313.497
1600660800,40238450596.20999
1600747200,38669580992.00825
1600833600,37980327620.28852
1600920000,37798062177.36881
1601006400,39183594634.40379
1601092800,39784667689.77483
1601179200,40057710138.145935
1601265600,40722704251.86789
1601352000,40175264448.72267
1601438400,40269903223.122
1601524800,40714936426.55166
1601611200,38964762149.17435
1601697600,39235048258.86473
1601784000,39382242289.08959
1601870400,39813614936.31564
1601956800,39372023550.76488
1602043200,38390298848.89565
1602129600,38831808572.59274
1602216000,40354135342.44862
1602302400,42219724547.05629
1602388800,42192633653.752
1602475200,42856952338.008995
1602561600,43226951940.55985
1602648000,42994845041.49116
1602734400,42617564426.01443
1602820800,41814988654.82907
1602907200,41568429484.562035
1602993600,42225442636.22023
1603080000,42725748704.02059
1603166400,42279480779.492455
1603252800,43473123833.96212
1603339200,45981563340.52321
1603425600,46686699464.77675
1603512000,46661097328.67455
1603598400,46340237497.75792
1603684800,45411503308.29933
1603771200,45232297564.310585
1603857600,44594882382.32762
1603944000,44039256451.859375
1604030400,43302590657.11912
1604116800,43811211451.03997
1604203200,44064566931.56974
1604293200,44210058178.18835
1604379600,43115826278.18281
1604466000,44103321389.70061
1604552400,46098392529.42156
1604638800,49531528681.45613
1604725200,51252453010.967224
1604811600,50444862150.66863
1604898000,50813202935.83112
1604984400,50728790471.02776
1605070800,52402620892.28719
1605157200,52071125944.35224
1605243600,52785899456.56762
1605330000,52412741311.38245
1605416400,51494819518.801315
1605502800,51606110617.22105
1605589200,53228936543.291
1605675600,54214124142.29111
1605762000,53837198872.28759
1605848400,56516920760.39918
1605934800,59374634705.55816
1606021200,62120246362.165405
1606107600,66601854995.34172
1606194000,69001209085.97295
1606280400,67197288816.79958
1606366800,59227522638.52272
1606453200,58466158262.99424
1606539600,59697019978.85077
1606626000,62524666004.42846
1606712400,67457360137.443726
1606798800,68547718043.93482
1606885200,67447830527.26051
1606971600,68883663727.77313
1607058000,67897854198.50088
1607144400,66793330363.97463
1607230800,67806924069.24395
1607317200,67585094837.76491
1607403600,65879414252.99076
1607490000,63698621704.0774
1607576400,64021081500.88804
1607662800,62235788296.62854
1607749200,63647707402.79913
1607835600,66100619648.53497
1607922000,66540438797.88281
1608008400,66868944006.54279
1608094800,68643977018.35069
1608181200,74078742501.34373
1608267600,73592937468.59428
1608354000,74755794460.75516
1608440400,73910754221.4329
1608526800,71109917251.10855
1608613200,69999465166.11044
1608699600,69725579650.48584
1608786000,66909585431.18809
1608872400,70354984927.44554
1608958800,71977176214.85149
1609045200,75426801474.78119
1609131600,82570712788.35838
1609218000,82060284419.48651
1609304400,83948829981.8346
1609390800,84504435889.95245
1609477200,84057897779.55418
1609563600,85572026987.77367
1609650000,97936434055.67754
1609736400,115527673104.48657
1609822800,120645406845.102
1609909200,130000398729.10616
1609995600,139216319758.58005
1610082000,137357321519.98744
1610168400,139991551739.21472
1610254800,148937557482.16223
1610341200,122650020427.63449
1610427600,124133483158.46213
1610514000,122045566880.6781
1610600400,133568778188.34897
1610686800,136573714267.81772
1610773200,139020896787.6728
1610859600,140049019835.17996
1610946000,140252396505.71548
1611032400,156538524904.1182
1611118800,152596284741.764
1611205200,143273125137.13785
1611291600,136587633597.98734
1611378000,142105499387.63992
1611464400,150935429425.63675
1611550800,160522176681.14862
1611637200,151818542244.68582
1611723600,146717927861.521
1611810000,149927386626.077
1611896400,155669094904.1458
1611982800,155619661559.8957
1612069200,153134404607.26337
1612155600,151453418825.0983
1612242000,164741258319.88422
1612328400,179835743098.36127
1612414800,187957433759.6253
1612501200,191640265930.18765
1612587600,193436045894.93964
1612674000,184181340497.18295
1612760400,190561667593.45743
1612846800,200644985743.56693
1612933200,202279182637.20914
1613019600,202027590324.60056
1613106000,205652261667.2985
1613192400,208939358918.94684
1613278800,209008399821.8342
1613365200,204074148830.6502
1613451600,204462685174.37686
1613538000,206770859784.6957
1613624400,219045159646.07355
1613710800,222074844056.33615
1613797200,228548030688.94534
1613883600,223218819769.80807
1613970000,208014560936.54242
1614056400,180402325205.4874
1614142800,187549088387.24997
1614229200,184582231564.66937
1614315600,170235135901.96133
1614402000,170748429702.72418
1614488400,158838468013.3776
1614574800,171766129393.17947
1614661200,177017312080.94308
1614747600,181466318831.09702
1614834000,179497542211.59894
1614920400,171577349362.59048
1615006800,181304093907.77036
1615093200,191502200507.55124
1615179600,199553012377.77368
1615266000,210543075377.6385
1615352400,209700318126.0386
1615438800,206183909214.88174
1615525200,204992644755.68765
1615611600,211625802449.9624
1615698000,216757970469.2235
1615780800,208206606816.585
1615867200,205084386711.73535
1615953600,205862522357.37906
1616040000,208404843333.5691
1616126400,208271183802.0583
1616212800,212174536746.58835
1616299200,206185789842.18292
1616385600,203961837374.5764
1616472000,195586285997.70157
1616558400,194205434539.674
1616644800,184153830593.40344
1616731200,189461546065.10403
1616817600,196180722195.44028
1616904000,196614464534.8671
1616990400,202748953712.93353
1617076800,210941461849.46997
1617163200,213862858329.73096
1617249600,224365813511.07147
1617336000,234542023694.47794
1617422400,242371221199.11026
1617508800,238522155079.50583
1617595200,240463280086.5704
1617681600,244306818914.56027
1617768000,234859737543.63013
1617854400,234513933871.30228
1617940800,239985907239.10693
1618027200,247239184948.6629
1618113600,247476672592.80872
1618200000,248270513185.37506
1618286400,257099372282.43744
1618372800,272559739124.35382
1618459200,284675528369.09784
1618545600,281799491179.7169
1618632000,280727384898.68085
1618718400,253439437086.0275
1618804800,255476157129.99884
1618891200,253008413105.1105
1618977600,271569612285.1125
1619064000,287152896865.3373
1619150400,263440676808.61197
1619236800,261365125592.11188
1619323200,261358208895.44662
1619409600,285981222477.2717
1619496000,297832467359.7158
1619582400,309584976216.2091
1619668800,316647501960.405
1619755200,319126236253.1259
1619841600,331936793370.08765
1619928000,338918850135.0169
1620014400,366881158101.4493
1620100800,387511096691.6182
1620187200,389663290556.7142
1620273600,403513052457.8459
1620360000,404224989046.32324
1620446400,422593194051.3495
1620532800,450723783468.2004
1620619200,470189640095.4736
1620705600,461804807515.46985
1620792000,487793480909.13367
1620878400,442423940594.9034
1620964800,459638270498.4952
1621051200,451488889713.37634
1621137600,428859870020.4212
1621224000,392301454752.7872
1621310400,397092088815.0952
1621396800,327225820620.5237
1621483200,312570864595.6289
1621569600,304236152797.2906
1621656000,272443772485.59073
1621742400,243901282294.89072
1621828800,273668463439.0333
1621915200,300307512462.12177
1622001600,324286427757.94147
1622088000,321262396772.7489
1622174400,296555744657.52704
1622260800,278557496712.3807
1622347200,276233187551.94226
1622433600,290488272354.0929
1622520000,303324028880.409
1622606400,312792972970.08673
1622692800,325139540475.0981
1622779200,311836208484.65485
1622865600,312554293700.7365
1622952000,312785136281.95245
1623038400,319731514861.56976
1623124800,290061585868.6405
1623211200,293634863109.35187
1623297600,293862720233.8609
1623384000,282723607999.3848
1623470400,274845197314.38702
1623556800,278131520965.7492
1623643200,293421509990.2483
1623729600,299979841428.58295
1623816000,287274944038.12683
1623902400,278731034109.15326
1623988800,265552914191.94186
1624075200,259238614233.77963
1624161600,252500036715.78186
1624248000,234937681037.02835
1624334400,220799215936.97424
1624420800,230636820951.92416
1624507200,228374849326.2044
1624593600,220956975020.75613
1624680000,208056310040.75317
1624766400,216016520269.24863
1624852800,237446240354.73077
1624939200,252865271961.70288
1625025600,251999241563.5335
1625112000,250326700968.31934
1625198400,242390004810.64862
1625284800,255556013640.98264
1625371200,268598316072.97354
1625457600,262326655598.60828
1625544000,267557963159.83627
1625630400,275079039243.7205
1625716800,255003971455.51477
1625803200,247806801134.5146
1625889600,247127657852.48065
1625976000,247888484944.15598
1626062400,245010170728.59326
1626148800,232736296977.58795
1626235200,227571154851.3432
1626321600,226619212150.89365
1626408000,222768380365.78735
1626494400,220163058681.34702
1626580800,226477806043.68527
1626667200,216621296400.9673
1626753600,206656800575.4164
1626840000,221535001934.75476
1626926400,233555079385.90314
1627012800,239867884543.06006
1627099200,250911648327.24542
1627185600,252019952462.41586
1627272000,271279571227.95947
1627358400,261158946537.403
1627444800,268494538760.32773
1627531200,269977127379.24875
1627617600,278626512707.3055
1627704000,288175018456.2847
1627790400,303656952575.60205
1627876800,303816652260.8427
1627963200,293441611224.9488
1628049600,302366476759.54034
1628136000,318865849733.35693
1628222400,329642800597.67255
1628308800,354225368664.0748
1628395200,360877171107.06805
1628481600,357405628188.3078
1628568000,366801496065.3391
1628654400,375778373243.9633
1628740800,363965969444.512
1628827200,374933829128.3714
1628913600,383207360066.6999
1629000000,376114048014.8962
1629086400,380773211526.2898
1629172800,370855745209.2677
1629259200,356985864381.9132
1629345600,356890874279.1078
1629432000,379562569113.30963
1629518400,382932830571.0232
1629604800,377549784242.89465
1629691200,389780181601.356
1629777600,383729031201.26697
1629864000,373693464221.75964
