time,price_eth
1439006400,0.7699807452931349
1439092800,0.719830109410067
1439179200,0.7007051824579207
1439265600,1.0883609568759975
1439352000,1.2140711147663539
1439438400,1.8432856832260898
1439524800,1.8333619024579544
1439611200,1.6744560982512584
1439697600,1.5699231049497122
1439784000,1.2078850916837387
1439870400,1.1425963795275509
1439956800,1.2542784169672243
1440043200,1.4612554447417359
1440129600,1.3885488373189303
1440216000,1.3832236793988648
1440302400,1.3492724880984817
1440388800,1.2321904366192855
1440475200,1.1460031949399714
1440561600,1.17194237490167
1440648000,1.154176305270667
1440734400,1.1759669076456307
1440820800,1.1808469543376594
1440907200,1.320643115957798
1440993600,1.3627563146497383
1441080000,1.3508067454179373
1441166400,1.2983478849768344
1441252800,1.255389442089516
1441339200,1.2739938325583802
1441425600,1.3338737062814294
1441512000,1.296629478421124
1441598400,1.246097814056274
1441684800,1.2547697084697307
1441771200,1.2132859286629896
1441857600,1.162838569211094
1441944000,0.9795247819820341
1442030400,1.0367052636290028
1442116800,0.926244233534571
1442203200,0.8712654853528724
1442289600,0.9425975714729812
1442376000,0.9015880746004954
1442462400,0.8816480974225018
1442548800,0.8551540039123371
1442635200,0.878273475694314
1442721600,0.9315143929618421
1442808000,0.9372445985075039
1442894400,0.8984269506765012
1442980800,0.8894895327261877
1443067200,0.8107056911285607
1443153600,0.7400367965186965
1443240000,0.796200656802998
1443326400,0.7289045691504621
1443412800,0.5765046573588073
1443499200,0.6602300456258537
1443585600,0.7412454591773446
1443672000,0.6789092910769519
1443758400,0.681038454908569
1443844800,0.6860427594268848
1443931200,0.6750175091175764
1444017600,0.6295696946875848
1444104000,0.6526873082068256
1444190400,0.6114806717403954
1444276800,0.6529078704255328
1444363200,0.6500276559424125
1444449600,0.6313832663958895
1444536000,0.6382321511977428
1444622400,0.6277789599707878
1444708800,0.6126859472071269
1444795200,0.5264634494070016
1444881600,0.5607659243292783
1444968000,0.5334815109186146
1445054400,0.5494025618093427
1445140800,0.522082689826535
1445227200,0.49107455400158295
1445313600,0.43568336612903513
1445400000,0.4533263897734901
1445486400,0.5684342994528612
1445572800,0.5446456657267741
1445659200,0.5644928386017534
1445745600,0.6193144771888653
1445832000,0.734326847745132
1445918400,0.8836603772324394
1446004800,1.0204039015536321
1446091200,1.2209157426429331
1446177600,1.0424567292638716
1446264000,0.9051878622665237
1446350400,1.0650702762335462
1446440400,1.002164018037469
1446526800,1.0134021789258856
1446613200,0.8866473512808236
1446699600,0.8912353618444517
1446786000,0.9352310325706227
1446872400,0.929919463147869
1446958800,1.0297346119213489
1447045200,0.9949840517089298
1447131600,0.9302331702268184
1447218000,0.7802928915828461
1447304400,0.8990907371339159
1447390800,0.9067317711991619
1447477200,0.8925098305198692
1447563600,0.9103290966286272
1447650000,0.9300079949605571
1447736400,1.0098476486518424
1447822800,0.9855366463413531
1447909200,0.9562450205472712
1447995600,0.9290613271958592
1448082000,0.976372929098174
1448168400,0.9659153456842073
1448254800,0.9473873416007431
1448341200,0.8991214693001718
1448427600,0.863500974786102
1448514000,0.8830610871772471
1448600400,0.8729466195164061
1448686800,0.9069558530515968
1448773200,0.8714582861155311
1448859600,0.8717843973121834
1448946000,0.8717654426749188
1449032400,0.8204353796389472
1449118800,0.8092850781296648
1449205200,0.8376179780292126
1449291600,0.8529478707796246
1449378000,0.8292768536938203
1449464400,0.8005838265481574
1449550800,0.8231969394533133
1449637200,0.7898287800871397
1449723600,0.8421724278041078
1449810000,0.940812377968065
1449896400,0.9762171727544678
1449982800,0.9564178911027972
1450069200,0.9893259675390642
1450155600,1.0082334487183475
1450242000,0.9921008715574334
1450328400,0.9456409283058286
1450414800,0.9185146965818222
1450501200,0.9002540985667757
1450587600,0.896121111282422
1450674000,0.8941536308799422
1450760400,0.8656947899680082
1450846800,0.8475960104708454
1450933200,0.8612166813658285
1451019600,0.8716603295469637
1451106000,0.8595890865100475
1451192400,0.8512278021226966
1451278800,0.8435028174273238
1451365200,0.8746302954090425
1451451600,0.9143760377430061
1451538000,0.9321089963293028
1451624400,0.9422848690038804
1451710800,0.9352310773519613
1451797200,0.9739000731639451
1451883600,0.9461480924825294
1451970000,0.9530695854880914
1452056400,0.9534490681183865
1452142800,0.9436030098200348
1452229200,0.9892095640817823
1452315600,0.9869234252575396
1452402000,1.0025728740434938
1452488400,1.0635513244628605
1452574800,1.167405297323936
1452661200,1.1233294040860424
1452747600,1.1921884812882009
1452834000,1.196404992871069
1452920400,1.2066829359526325
1453006800,1.3204537639131164
1453093200,1.41887108840012
1453179600,1.3575606035528547
1453266000,1.5313166480598597
1453352400,1.548060677239828
1453438800,1.5081428905079894
1453525200,1.9649792768168328
1453611600,2.155134787771359
1453698000,2.492803542870982
1453784400,2.261930684706117
1453870800,2.4031979563446773
1453957200,2.5291426450088004
1454043600,2.5153809130111098
1454130000,2.4359908377198662
1454216400,2.295792593081857
1454302800,2.2055583961341867
1454389200,2.4365960716892228
1454475600,2.520148543189505
1454562000,2.566421972227977
1454648400,2.523322576694688
1454734800,2.5235054892895294
1454821200,2.974746063871451
1454907600,3.1559825038245615
1454994000,4.024197177617309
1455080400,4.435410256958598
1455166800,6.061098394039962
1455253200,5.589237909962914
1455339600,5.3958894411045675
1455426000,5.269033114817769
1455512400,5.287231067852225
1455598800,4.320471953289193
1455685200,3.7570251773949663
1455771600,4.393861659582324
1455858000,4.714530070097653
1455944400,4.336591602720741
1456030800,4.644085134799437
1456117200,5.662682088649438
1456203600,5.592879762274616
1456290000,6.233300787069853
1456376400,6.072273526693668
1456462800,5.899538361446801
1456549200,6.425304390895775
1456635600,6.430797893643479
1456722000,6.312315400827469
1456808400,7.626141923994518
1456894800,8.389200852135929
1456981200,9.269071210091795
1457067600,10.335836092949757
1457154000,10.881702685077158
1457240400,11.284118168860626
1457326800,9.564482173251605
1457413200,9.744074055949437
1457499600,11.197000000000001
1457586000,11.75
1457672400,11.95
1457758800,12.918
1457845200,14.469333333333333
1457928000,12.31675
1458014400,13.1
1458100800,12.545333333333335
1458187200,11.028888888888893
1458273600,10.921384615384614
1458360000,10.524
1458446400,10.267999999999999
1458532800,11.909
1458619200,11.200999999999999
1458705600,12.42
1458792000,11.18
1458878400,10.6698
1458964800,11.012
1459051200,10.407
1459137600,11.656166666666666
1459224000,11.658
1459310400,11.847999999999999
1459396800,11.386
1459483200,11.624
1459569600,11.658
1459656000,11.61
1459742400,11.15
1459828800,10.857999999999999
1459915200,10.66
1460001600,10.137
1460088000,9.71
1460174400,9.137
1460260800,8.8955
1460347200,8.699
1460433600,7.52
1460520000,8.05
1460606400,8.47
1460692800,8.3199
1460779200,8.67
1460865600,9.29
1460952000,9.02762857142857
1461038400,8.77
1461124800,8.595333333333334
1461211200,8.1845
1461297600,7.904285714285713
1461384000,8.3934
1461470400,8.105033333333333
1461556800,7.56
1461643200,7.415000000000001
1461729600,7.8370000000000015
1461816000,7.164
1461902400,7.402
1461988800,8.79216
1462075200,8.784042857142856
1462161600,10.079
1462248000,9.371
1462334400,9.3614
1462420800,9.75
1462507200,9.4325
1462593600,9.408
1462680000,9.51
1462766400,9.36
1462852800,9.68
1462939200,10.43
1463025600,10.2
1463112000,10.98
1463198400,10.25
1463284800,10.06
1463371200,11.37
1463457600,12.28
1463544000,13.708000000000002
1463630400,14.5
1463716800,13.74
1463803200,13.98
1463889600,14.210000000000004
1463976000,13.448000000000002
1464062400,12.82
1464148800,12.65
1464235200,12.6
1464321600,11.39
1464408000,11.84
1464494400,12.53
1464580800,12.52
1464667200,14.210000000000004
1464753600,13.919999999999998
1464840000,13.9
1464926400,14.15
1465012800,13.86
1465099200,13.91
1465185600,14
1465272000,14.64
1465358400,14.51
1465444800,14.470000000000002
1465531200,13.970000000000002
1465617600,14.11
1465704000,15.638
1465790400,17.63
1465876800,18.9
1465963200,18.45
1466049600,20.93
1466136000,15.66
1466222400,11.03
1466308800,12.59
1466395200,11.51
1466481600,13.73
1466568000,13.43
1466654400,13.93
1466740800,14.2
1466827200,14.49
1466913600,13.88
1467000000,15.289999999999996
1467086400,12.33
1467172800,12.95
1467259200,12.5
1467345600,12.25
1467432000,12.09
1467518400,11.8
1467604800,11.47
1467691200,11.49
1467777600,11
1467864000,10.11
1467950400,11.57
1468036800,11.028
1468123200,11.13
1468209600,10.83
1468296000,10.87
1468382400,10.76
1468468800,11.51
1468555200,12.2
1468641600,11.78
1468728000,11.32
1468814400,11.13
1468900800,11.94
1468987200,12.678
1469073600,13.039999999999996
1469160000,14.89
1469246400,14.45
1469332800,12.34
1469419200,13.8
1469505600,12.04
1469592000,13.3
1469678400,13.216
1469764800,13.1
1469851200,12.696
1469937600,11.88
1470024000,11.2
1470110400,8.988000000000003
1470196800,10.44
1470283200,11.58
1470369600,11.03
1470456000,11.03
1470542400,11.01
1470628800,11.4
1470715200,12.35
1470801600,12.31
1470888000,11.75
1470974400,11.89
1471060800,11.73
1471147200,11.21
1471233600,11.38
1471320000,11.23
1471406400,11
1471492800,10.84
1471579200,10.85
1471665600,11.05
1471752000,11.3
1471838400,11.41
1471924800,11.07
1472011200,11.02
1472097600,11.26
1472184000,11.32
1472270400,11.3
1472356800,11.09
1472443200,11.08
1472529600,11.3
1472616000,11.744000000000002
1472702400,12.24
1472788800,12.51
1472875200,12
1472961600,11.8
1473048000,11.98
1473134400,11.99
1473220800,11.69
1473307200,11.48
1473393600,11.76
1473480000,12
1473566400,11.73
1473652800,11.88
1473739200,12.02
1473825600,12
1473912000,12
1473998400,12.5
1474084800,12.7
1474171200,12.4
1474257600,13.186000000000002
1474344000,14.18
1474430400,13.91
1474516800,13.2
1474603200,13.49
1474689600,12.970000000000002
1474776000,13.029999999999998
1474862400,13.01
1474948800,13.029999999999998
1475035200,13.38
1475121600,13.244000000000002
1475208000,13.210000000000004
1475294400,13.279999999999998
1475380800,13.3
1475467200,13.527999999999999
1475553600,13.4
1475640000,13.1
1475726400,12.99
1475812800,12.82
1475899200,12.23
1475985600,12.33
1476072000,11.75
1476158400,11.71
1476244800,11.78
1476331200,12.13
1476417600,11.93
1476504000,12
1476590400,11.98
1476676800,12.12
1476763200,12.51
1476849600,11.93
1476936000,12.08
1477022400,12
1477108800,12.04
1477195200,12.05
1477281600,11.97
1477368000,11.35
1477454400,11.57
1477540800,11.43
1477627200,11.07
1477713600,10.36
1477800000,11.31
1477886400,11.01
1477972800,10.7
1478059200,10.77
1478145600,10.82
1478232000,11.2
1478318400,11.07
1478404800,10.89
1478494800,11
1478581200,10.91
1478667600,10.79
1478754000,10.6
1478840400,10.26
1478926800,9.68
1479013200,10.21
1479099600,10.04
1479186000,10.4
1479272400,9.96
1479358800,9.96
1479445200,9.52
1479531600,9.85
1479618000,9.5
1479704400,9.61
1479790800,9.87
1479877200,9.79
1479963600,9.25
1480050000,9.51
1480136400,9.5
1480222800,9.41
1480309200,8.77
1480395600,8.37
1480482000,8.64
1480568400,8.4
1480654800,7.639999999999999
1480741200,8.14
1480827600,7.5
1480914000,6.769999999999999
1481000400,7.8
1481086800,8.45
1481173200,8.23
1481259600,8.62
1481346000,8.31
1481432400,8.46
1481518800,8.67
1481605200,8.47
1481691600,8.46
1481778000,7.75
1481864400,7.889999999999999
1481950800,7.65
1482037200,7.94
1482123600,7.69
1482210000,7.58
1482296400,7.95
1482382800,7.767999999999999
1482469200,7.25
1482555600,7.290000000000001
1482642000,7.25
1482728400,7.290000000000001
1482814800,7.230000000000001
1482901200,8.54
1482987600,8.38
1483074000,8.498
1483160400,8.28
1483246800,8.24
1483333200,8.55
1483419600,9.786
1483506000,11.21
1483592400,10.34
1483678800,10.2
1483765200,10.05
1483851600,10.42
1483938000,10.38
1484024400,10.67
1484110800,9.97
1484197200,9.74
1484283600,10.23
1484370000,9.85
1484456400,9.81
1484542800,9.6
1484629200,10.18
1484715600,10.36
1484802000,10.45
1484888400,10.72
1484974800,10.86
1485061200,10.76
1485147600,10.77
1485234000,10.582
1485320400,10.64
1485406800,10.71
1485493200,10.68
1485579600,10.58
1485666000,10.544
1485752400,10.73
1485838800,10.76
1485925200,10.73
1486011600,10.8
1486098000,10.98
1486184400,11.38
1486270800,11.23
1486357200,11.32
1486443600,11.51
1486530000,11.47
1486616400,11.02
1486702800,11.31
1486789200,11.39
1486875600,11.41
1486962000,11.3
1487048400,13.18
1487134800,13.06
1487221200,12.960000000000004
1487307600,12.74
1487394000,12.8
1487480400,12.78
1487566800,12.64
1487653200,12.84
1487739600,12.69
1487826000,13.23
1487912400,13.222000000000001
1487998800,13.720000000000002
1488085200,14.95
1488171600,15.5
1488258000,16.05
1488344400,17.758000000000006
1488430800,19.208
1488517200,19.610000000000007
1488603600,18.702
1488690000,19.2
1488776400,19.97
1488862800,18.95
1488949200,16.58
1489035600,18
1489122000,19.1
1489208400,21.512000000000004
1489294800,23.6
1489377600,28.846000000000004
1489464000,28.99
1489550400,34.996
1489636800,45.488
1489723200,44.468
1489809600,33.326
1489896000,42.31
1489982400,41.91
1490068800,42.5
1490155200,41.424
1490241600,43.14
1490328000,52.83
1490414400,50.32
1490500800,50.39
1490587200,48.794
1490673600,50.26800000000001
1490760000,53.252
1490846400,51.93000000000001
1490932800,49.07
1491019200,50.92
1491105600,48.598
1491192000,43.994
1491278400,44.726000000000006
1491364800,45.478
1491451200,43.51199999999999
1491537600,42.42
1491624000,44.85
1491710400,43.87
1491796800,43.92
1491883200,43.876000000000005
1491969600,46.54
1492056000,50.242
1492142400,47.5
1492228800,48.602
1492315200,48.29
1492401600,48.224
1492488000,49.98
1492574400,47.956
1492660800,49.61
1492747200,48.47
1492833600,48.654
1492920000,48.79
1493006400,50.501999999999995
1493092800,50.413999999999994
1493179200,53.55
1493265600,63.386
1493352000,72.77199999999999
1493438400,70.28799999999998
1493524800,79.69399999999997
1493611200,77.33
1493697600,77.7
1493784000,80
1493870400,94.752
1493956800,91.552
1494043200,95.91599999999998
1494129600,92.532
1494216000,89.46799999999999
1494302400,87.436
1494388800,89.13399999999999
1494475200,88.204
1494561600,85.33599999999998
1494648000,87.816
1494734400,88.874
1494820800,90.23200000000001
1494907200,87.904
1494993600,86.91
1495080000,96.466
1495166400,124.818
1495252800,123.234
1495339200,146.882
1495425600,166.68200000000004
1495512000,170.06
1495598400,192.74400000000003
1495684800,180.37400000000002
1495771200,165.49400000000003
1495857600,158.60399999999996
1495944000,174
1496030400,194.696
1496116800,229.412
1496203200,228.90200000000002
1496289600,220.01
1496376000,222.68400000000003
1496462400,224.498
1496548800,245.56200000000004
1496635200,248.398
1496721600,266.94000000000005
1496808000,255.954
1496894400,260.806
1496980800,280.23400000000004
1497067200,331.38199999999995
1497153600,338.42800000000005
1497240000,393.43200000000013
1497326400,388.594
1497412800,341.626
1497499200,341.782
1497585600,349.6
1497672000,368.592
1497758400,351.69800000000004
1497844800,358.7800000000001
1497931200,349.7700000000001
1498017600,323.12
1498104000,319.6860000000001
1498190400,326.728
1498276800,304.624
1498363200,278.184
1498449600,255.046
1498536000,286.57000000000005
1498622400,315.696
1498708800,293.8
1498795200,282.1260000000001
1498881600,261.862
1498968000,284.2
1499054400,277.01800000000003
1499140800,270.01
1499227200,266.77599999999995
1499313600,266.17
1499400000,240.37000000000003
1499486400,245.144
1499572800,237.334
1499659200,207.002
1499745600,191.30599999999998
1499832000,224.324
1499918400,205.72400000000002
1500004800,197.876
1500091200,168.78799999999998
1500177600,154.246
1500264000,190.574
1500350400,226.992
1500436800,193.944
1500523200,229.086
1500609600,217.34799999999998
1500696000,232.022
1500782400,229.436
1500868800,225.91
1500955200,203.678
1501041600,202.52599999999998
1501128000,202.856
1501214400,191.278
1501300800,205.582
1501387200,195.65599999999998
1501473600,201.33
1501560000,225.752
1501646400,217.696
1501732800,224.03799999999998
1501819200,219.09400000000002
1501905600,253.46
1501992000,264.314
1502078400,269.48
1502164800,296.17400000000004
1502251200,295.238
1502337600,298.73400000000004
1502424000,308.83799999999997
1502510400,307.754
1502596800,295.44599999999997
1502683200,298.474
1502769600,286.27200000000005
1502856000,300.91
1502942400,300.95799999999997
1503028800,292.32
1503115200,293.0900000000001
1503201600,297.186
1503288000,320.056
1503374400,314.272
1503460800,317.738
1503547200,324.65
1503633600,331.33
1503720000,331.33
1503806400,347.066
1503892800,348.026
1503979200,372.56199999999995
1504065600,384.01199999999994
1504152000,388.35
1504238400,392.138
1504324800,353.48800000000006
1504411200,352.09400000000005
1504497600,300.408
1504584000,317.3
1504670400,339.124
1504756800,335.0300000000001
1504843200,307.548
1504929600,303.008
1505016000,299.87
1505102400,298.29400000000004
1505188800,294.332
1505275200,275.996
1505361600,223.224
1505448000,258.48
1505534400,255.20600000000005
1505620800,260.016
1505707200,297.574
1505793600,283.466
1505880000,283.12
1505966400,258.594
1506052800,263.38
1506139200,285.74799999999993
1506225600,282.878
1506312000,293.838
1506398400,288.67999999999995
1506484800,309.878
1506571200,302.41600000000005
1506657600,293.24
1506744000,301.284
1506830400,302.608
1506916800,296.22
1507003200,291.502
1507089600,291.476
1507176000,294.28
1507262400,305.57
1507348800,311.816
1507435200,308.81
1507521600,296.036
1507608000,298.466
1507694400,302.494
1507780800,302.584
1507867200,336.69599999999997
1507953600,338.122
1508040000,336.34599999999995
1508126400,333.31
1508212800,316.19
1508299200,313.80800000000005
1508385600,308.006
1508472000,303.862
1508558400,299.44599999999997
1508644800,294.322
1508731200,285.226
1508817600,296.348
1508904000,296.842
1508990400,296.06
1509076800,296.6280000000001
1509163200,294.298
1509249600,303.05
1509336000,306.434
1509422400,303.622
1509508800,289.79
1509595200,284.722
1509681600,305.408
1509768000,300.324
1509854400,296.368
1509944400,297.538
1510030800,292.322
1510117200,308.226
1510203600,320.61
1510290000,298.012
1510376400,313.958
1510462800,306.72
1510549200,314.964
1510635600,335.134
1510722000,331.51199999999994
1510808400,330.4
1510894800,331.546
1510981200,346.42199999999997
1511067600,355.112
1511154000,368.332
1511240400,360.91
1511326800,380.768
1511413200,408.346
1511499600,470.402
1511586000,465.656
1511672400,469.43800000000005
1511758800,477.278
1511845200,468.08600000000007
1511931600,435.2600000000001
1512018000,437.386
1512104400,463.474
1512190800,457.13
1512277200,463.95
1512363600,467.45200000000006
1512450000,459.64
1512536400,420.964
1512622800,424.266
1512709200,452.798
1512795600,473.458
1512882000,440.53
1512968400,513.5620000000001
1513054800,672.4460000000001
1513141200,702.382
1513227600,698.1260000000001
1513314000,688.5360000000002
1513400400,697.1659999999998
1513486800,721.3140000000002
1513573200,787.1879999999999
1513659600,819.8640000000001
1513746000,802.45
1513832400,796.2239999999998
1513918800,676.2479999999998
1514005200,718.8040000000002
1514091600,689.0219999999999
1514178000,730.048
1514264400,754.47
1514350800,740.1940000000002
1514437200,721.238
1514523600,744.966
1514610000,700.068
1514696400,736.8500000000001
1514782800,750.296
1514869200,859.4639999999998
1514955600,940.962
1515042000,947.196
1515128400,968.7
1515214800,1004.718
1515301200,1110.808
1515387600,1134.854
1515474000,1292.236
1515560400,1247.2160000000001
1515646800,1138
1515733200,1259.6839999999995
1515819600,1382.28
1515906000,1358.3120000000001
1515992400,1271.6960000000001
1516078800,1067.292
1516165200,1019.962
1516251600,1025.392
1516338000,1037.516
1516424400,1147.984
1516510800,1043.062
1516597200,997.824
1516683600,982.5400000000003
1516770000,1059.64
1516856400,1044.9119999999998
1516942800,1048.6280000000004
1517029200,1105.106
1517115600,1224.006
1517202000,1165
1517288400,1050.924
1517374800,1100.2580000000003
1517461200,1023.24
1517547600,913.814
1517634000,969.736
1517720400,824.1360000000002
1517806800,693.8739999999999
1517893200,790.076
1517979600,750.9699999999998
1518066000,813.0219999999998
1518152400,877.8800000000001
1518238800,851.9939999999999
1518325200,811.834
1518411600,865.0259999999997
1518498000,841.028
1518584400,921.222
1518670800,928.944
1518757200,945.304
1518843600,974.426
1518930000,925.04
1519016400,943.818
1519102800,895.371
1519189200,849.971
1519275600,812.845
1519362000,864.189
1519448400,840.515
1519534800,844.81
1519621200,869.315
1519707600,878.107
1519794000,855.199
1519880400,872.2
1519966800,856.853
1520053200,857.225
1520139600,866.678
1520226000,853.684
1520312400,816.951
1520398800,752.831
1520485200,704.596
1520571600,728.916
1520658000,686.89
1520744400,723.339
1520827200,699.831
1520913600,690.827
1521000000,614.291
1521086400,611.304
1521172800,601.666
1521259200,552.779
1521345600,538.644
1521432000,554.365
1521518400,557.175
1521604800,561.732
1521691200,539.2
1521777600,537.552
1521864000,527.297
1521950400,524.436
1522036800,489.897
1522123200,449.971
1522209600,448.697
1522296000,385.964
1522382400,394.645
1522468800,396.523
1522555200,379.607
1522641600,386.022
1522728000,416.298
1522814400,381.043
1522900800,383.232
1522987200,370.16
1523073600,385.481
1523160000,399.776
1523246400,397.137
1523332800,414.155
1523419200,420.364
1523505600,
1523592000,
1523678400,
1523764800,
1523851200,511.099
1523937600,503.169
1524024000,524.257
1524110400,567.475
1524196800,615.765
1524283200,603.808
1524369600,622.043
1524456000,643.168
1524542400,707.623
1524628800,612.7
1524715200,663.181
1524801600,647.032
1524888000,683.548
1524974400,689.401
1525060800,669.75
1525147200,674.192
1525233600,686.532
1525320000,781.437
1525406400,784.908
1525492800,815.89
1525579200,793.046
1525665600,751.327
1525752000,754.139
1525838400,751.736
1525924800,726.664
1526011200,680.712
1526097600,685.96
1526184000,734.488
1526270400,731.692
1526356800,709.902
1526443200,707.05
1526529600,672.657
1526616000,693.997
1526702400,696.275
1526788800,715.756
1526875200,699.735
1526961600,648.226
1527048000,584.766
1527134400,602.471
1527220800,584.337
1527307200,587.317
1527393600,573.991
1527480000,516.54
1527566400,565.301
1527652800,559.971
1527739200,576.808
1527825600,580.954
1527912000,591.858
1527998400,618.329
1528084800,592.44
1528171200,609.272
1528257600,607.062
1528344000,604.751
1528430400,601.695
1528516800,599.774
1528603200,525.787
1528689600,532.113
1528776000,495.119
1528862400,476.264
1528948800,519.443
1529035200,491.095
1529121600,499.829
1529208000,500.53
1529294400,518.703
1529380800,538.103
1529467200,536.646
1529553600,527.522
1529640000,465.403
1529726400,474.52
1529812800,458.233
1529899200,460.816
1529985600,434.065
1530072000,442.177
1530158400,422.365
1530244800,436.391
1530331200,454.991
1530417600,453.9
1530504000,475.238
1530590400,463.738
1530676800,466.277
1530763200,474.631
1530849600,474.155
1530936000,491.478
1531022400,489.304
1531108800,476.627
1531195200,434.348
1531281600,446.046
1531368000,430.074
1531454400,433.787
1531540800,436.282
1531627200,449.85
1531713600,480.49
1531800000,500.909
1531886400,480.513
1531972800,469.619
1532059200,450.605
1532145600,462.477
1532232000,459.657
1532318400,450.975
1532404800,479.373
1532491200,472.785
1532577600,464.037
1532664000,469.636
1532750400,466.868
1532836800,466.787
1532923200,457.219203346
1533009600,434.346370358
1533096000,420.746959721
1533182400,412.62121575
1533268800,418.688099963
1533355200,407.36929574
1533441600,410.214451481
1533528000,406.52536786
1533614400,380.425981994
1533700800,356.613028666
1533787200,365.777538838
1533873600,334.211244176
1533960000,322.111523909
1534046400,319.368282891
1534132800,286.35243418
1534219200,278.931610762
1534305600,282.507251391
1534392000,287.366301635
1534478400,315.728949968
1534564800,295.736646619
1534651200,301.026073737
1534737600,274.563449618
1534824000,281.686287519
1534910400,271.191284756
1534996800,277.103883005
1535083200,283.256818366
1535169600,279.534083991
1535256000,274.578099027
1535342400,285.688397377
1535428800,296.499489861
1535515200,289.251841577
1535601600,284.088860812
1535688000,282.817183085
1535774400,295.503478863
1535860800,294.22309744
1535947200,289.144898086
1536033600,285.694149531
1536120000,232.708493603
1536206400,230.102022302
1536292800,217.555832682
1536379200,197.908999657
1536465600,197.148891107
1536552000,197.079074946
1536638400,185.123062389
1536724800,183.430393852
1536811200,211.936344011
1536897600,211.640163669
1536984000,223.110868501
1537070400,220.5034097
1537156800,197.983069343
1537243200,210.307500486
1537329600,210.156398615
1537416000,224.370074111
1537502400,246.670706374
1537588800,240.81174316
1537675200,244.694825761
1537761600,228.72991398
1537848000,218.348009064
1537934400,216.142592829
1538020800,228.632235227
1538107200,222.661025218
1538193600,231.703875134
1538280000,232.815758146
1538366400,230.853973039
1538452800,227.313649214
1538539200,220.578864046
1538625600,222.232981704
1538712000,227.600640241
1538798400,225.073070243
1538884800,226.11851246
1538971200,229.255166637
1539057600,228.002739952
1539144000,225.8302706
1539230400,189.466638925
1539316800,196.991134422
1539403200,199.605554844
1539489600,195.511247883
1539576000,209.959686105
1539662400,209.965181294
1539748800,207.048615509
1539835200,203.188703933
1539921600,203.964431486
1540008000,205.456101619
1540094400,205.101504263
1540180800,204.020569562
1540267200,204.212234079
1540353600,203.850147827
1540440000,202.842242506
1540526400,203.388296301
1540612800,204.605915794
1540699200,205.36631044
1540785600,197.247057548
1540872000,197.854764256
1540958400,197.442108546
1541044800,198.726886168
1541131200,200.733365175
1541217600,200.193686145
1541304000,208.059621245
1541394000,209.264165481
1541480400,217.962432869
1541566800,217.162973353
1541653200,212.09631704
1541739600,210.042282215
1541826000,212.37211973
1541912400,211.417448663
1541998800,210.117203809
1542085200,206.843275031
1542171600,181.096249508
1542258000,180.826574094
1542344400,175.277404219
1542430800,174.062410857
1542517200,176.91376684
1542603600,149.501269801
1542690000,129.888094912
1542776400,136.931741673
1542862800,127.13875946
1542949200,123.432545305
1543035600,113.551965662
1543122000,116.5756973
1543208400,108.280369867
1543294800,109.819319773
1543381200,122.430983014
1543467600,117.494530521
1543554000,113.084992703
1543640400,118.809992372
1543726800,116.388680562
1543813200,108.997643628
1543899600,111.260682132
1543986000,102.475555559
1544072400,91.7610561566
1544158800,93.2945640148
1544245200,92.1596396877
1544331600,95.2523157696
1544418000,91.7173696953
1544504400,88.9006073826
1544590800,90.4588844708
1544677200,86.4175383177
1544763600,84.3160306338
1544850000,84.4539516412
1544936400,85.2940890764
1545022800,95.1047040138
1545109200,101.085599194
1545195600,101.350590136
1545282000,116.217988511
1545368400,109.507403004
1545454800,116.768552916
1545541200,130.731418138
1545627600,139.992129223
1545714000,129.84435176
1545800400,131.674174769
1545886800,116.631371981
1545973200,136.471481241
1546059600,137.881832822
1546146000,139.910080915
1546232400,133.357707335
1546318800,140.722625124
1546405200,155.931126098
1546491600,149.129416354
1546578000,154.548251529
1546664400,155.874284892
1546750800,157.708644525
1546837200,151.69003028
1546923600,150.479077421
1547010000,150.866169147
1547096400,129.061289275
1547182800,127.366470294
1547269200,125.817309606
1547355600,116.888927441
1547442000,129.068732601
1547528400,121.943517645
1547614800,123.575697597
1547701200,123.784815694
1547787600,120.960624549
1547874000,124.494735278
1547960400,119.457371607
1548046800,117.164937528
1548133200,118.776533871
1548219600,117.452609248
1548306000,117.475682164
1548392400,116.411028786
1548478800,116.462310554
1548565200,113.633458071
1548651600,106.595106857
1548738000,105.64512616
1548824400,108.95127108
1548910800,107.0357547
1548997200,107.755918931
1549083600,110.571939675
1549170000,107.556505689
1549256400,107.69640619
1549342800,107.322731012
1549429200,104.914991581
1549515600,104.544928274
1549602000,119.13680347
1549688400,119.496049939
1549774800,124.809730896
1549861200,121.323365233
1549947600,122.547867988
1550034000,122.511082676
1550120400,121.569625589
1550206800,122.189181285
1550293200,123.349261489
1550379600,133.896985201
1550466000,146.164044877
1550552400,145.222831437
1550638800,149.519950761
1550725200,146.015182893
1550811600,149.009434173
1550898000,158.683704085
1550984400,136.649094002
1551070800,139.83897197
1551157200,137.995084732
1551243600,136.196094308
1551330000,136.844406444
1551416400,136.438554491
1551502800,134.327180174
1551589200,132.313169113
1551675600,127.364331959
1551762000,137.620251019
1551848400,138.857441967
1551934800,138.031145142
1552021200,135.044353941
1552107600,137.808118746
1552194000,137.015999277
1552276800,133.869574892
1552363200,134.490596991
1552449600,133.239737804
1552536000,133.607434397
1552622400,137.518207638
1552708800,142.468429821
1552795200,140.10509231
1552881600,139.517196478
1552968000,140.415609063
1553054400,140.609674662
1553140800,136.625501899
1553227200,137.261185678
1553313600,138.226263575
1553400000,136.921384372
1553486400,135.031027518
1553572800,135.460352857
1553659200,140.988157542
1553745600,139.416477555
1553832000,142.497417117
1553918400,143.2
1554004800,142.59
1554091200,141.855874502
1554177600,164.164677646
1554264000,161.431760954
1554350400,158.020007672
1554436800,165.511239539
1554523200,165.977241502
1554609600,174.449669098
1554696000,180.222129093
1554782400,176.067842046
1554868800,177.342765317
1554955200,165.335212304
1555041600,164.622854706
1555128000,164.476088004
1555214400,167.897474089
1555300800,161.523423858
1555387200,167.58660173
1555473600,166.950761576
1555560000,173.814032352
1555646400,173.708441176
1555732800,173.751265406
1555819200,170.046521769
1555905600,171.874669558
1555992000,171.447798826
1556078400,165.82609059
1556164800,154.459399951
1556251200,156.347087281
1556337600,158.43493242
1556424000,157.29507397
1556510400,155.201995458
1556596800,162.166037089
1556683200,160.818344256
1556769600,162.122791335
1556856000,167.952408601
1556942400,164.026580539
1557028800,163.450697022
1557115200,172.653208017
1557201600,169.798657365
1557288000,170.948168196
1557374400,170.289301603
1557460800,173.142739021
1557547200,194.304341538
1557633600,187.325322672
1557720000,196.846276938
1557806400,217.148571659
1557892800,247.153065441
1557979200,264.010023118
1558065600,243.764593413
1558152000,234.595229584
1558238400,261.292219263
1558324800,251.864416688
1558411200,255.215875873
1558497600,244.698911619
1558584000,245.98708954
1558670400,249.694050205
1558756800,251.72479506
1558843200,267.141883996
1558929600,272.590497231
1559016000,271.779066098
1559102400,269.424294887
1559188800,255.957574148
1559275200,268.08368852
1559361600,265.278693717
1559448000,270.452646949
1559534400,252.771650598
1559620800,241.075335035
1559707200,247.150339916
1559793600,249.460296747
1559880000,251.540526538
1559966400,245.636313387
1560052800,233.018834294
1560139200,247.262383405
1560225600,245.579735457
1560312000,260.322137124
1560398400,255.988814823
1560484800,264.424055267
1560571200,268.821898321
1560657600,269.55915494
1560744000,274.474551563
1560830400,265.028339971
1560916800,269.43949716
1561003200,271.765006637
1561089600,294.204101213
1561176000,310.091743918
1561262400,307.838026648
1561348800,310.1541002
1561435200,317.966676229
1561521600,336.865441841
1561608000,293.39693676
1561694400,310.477601859
1561780800,322.043557024
1561867200,291.537279728
1561953600,293.720991704
1562040000,291.48931763
1562126400,303.118237075
1562212800,284.419759824
1562299200,287.977912549
1562385600,287.50457021
1562472000,305.762739828
1562558400,313.155962663
1562644800,308.676663691
1562731200,290.08617397
1562817600,268.409199266
1562904000,276.238417002
1562990400,269.602418716
1563076800,228.207559806
1563163200,230.046370364
1563249600,199.511592732
1563336000,211.513291556
1563422400,226.544170564
1563508800,221.229610426
1563595200,228.964925795
1563681600,225.701062015
1563768000,217.56327561
1563854400,212.784438449
1563940800,217.167579978
1564027200,219.689534556
1564113600,219.698711164
1564200000,207.23111882
1564286400,211.003912498
1564372800,211.22528386
1564459200,210.455524789
1564545600,218.654145766
1564632000,217.808443355
1564718400,217.871561739
1564804800,222.490335375
1564891200,222.66972669
1564977600,234.215027081
1565064000,226.020649952
1565150400,226.391007833
1565236800,220.941859044
1565323200,210.48891334
1565409600,206.733534292
1565496000,216.092871768
1565582400,211.288063961
1565668800,208.603990803
1565755200,186.683509034
1565841600,188.644251454
1565928000,185.531660166
1566014400,185.841101073
1566100800,194.556030003
1566187200,202.813142758
1566273600,196.621696337
1566360000,186.941237586
1566446400,191.106870651
1566532800,194.671637602
1566619200,191.234781691
1566705600,186.73555531
1566792000,188.950058002
1566878400,187.495500936
1566964800,173.958692454
1567051200,169.489281525
1567137600,168.887899484
1567224000,172.458407973
1567310400,171.697601256
1567396800,178.357750076
1567483200,179.491989042
1567569600,175.966277315
1567656000,174.172218831
1567742400,169.955274874
1567828800,178.282587325
1567915200,181.362484764
1568001600,181.212841424
1568088000,179.839500008
1568174400,178.803768356
1568260800,180.975581433
1568347200,181.321574158
1568433600,188.068433417
1568520000,189.689334763
1568606400,197.114754867
1568692800,208.050603082
1568779200,211.247234001
1568865600,221.069630368
1568952000,217.89737946
1569038400,215.486560186
1569124800,211.71320384
1569211200,201.842085557
1569297600,168.133570556
1569384000,170.756919315
1569470400,166.651699935
1569556800,174.680832614
1569643200,174.612745399
1569729600,170.461352821
1569816000,180.209117089
1569902400,177.224053284
1569988800,180.703709132
1570075200,175.238429153
1570161600,176.946323748
1570248000,176.364384214
1570334400,172.940341536
1570420800,181.11335695
1570507200,182.036297684
1570593600,193.191075753
1570680000,191.846811475
1570766400,182.604288023
1570852800,181.056447081
1570939200,182.083495916
1571025600,186.872588512
1571112000,181.471916383
1571198400,176.362785971
1571284800,178.071425435
1571371200,173.541724812
1571457600,172.860830719
1571544000,175.410043647
1571630400,174.852357791
1571716800,172.303522145
1571803200,162.143422884
1571889600,162.217619287
1571976000,181.337652418
1572062400,179.917880732
1572148800,184.530714606
1572235200,183.120816778
1572321600,190.250187996
1572408000,184.744717566
1572494400,183.877280297
1572580800,184.004118254
1572667200,183.883702306
1572753600,182.359857834
1572843600,186.302107244
1572930000,189.646986416
1573016400,191.601674658
1573102800,188.063813072
1573189200,184.342278048
1573275600,184.995862553
1573362000,189.506018916
1573448400,185.467192469
1573534800,186.806669492
1573621200,188.270737414
1573707600,186.030890359
1573794000,180.481435003
1573880400,183.345429803
1573966800,185.076448697
1574053200,180.590707251
1574139600,177.409965005
1574226000,175.725765575
1574312400,161.468648087
1574398800,150.417251571
1574485200,153.370203317
1574571600,143.64622225
1574658000,146.484395085
1574744400,149.021107438
1574830800,153.10251769
1574917200,151.619062919
1575003600,155.238607864
1575090000,152.518148003
1575176400,151.21880949
1575262800,149.096359064
1575349200,148.046942632
1575435600,146.726540709
1575522000,149.29013001
1575608400,149.065628679
1575694800,148.774303044
1575781200,151.325352635
1575867600,148.286043828
1575954000,146.194778851
1576040400,143.624785892
1576126800,145.571027071
1576213200,144.931356412
1576299600,142.865000022
1576386000,143.087686866
1576472400,133.736848711
1576558800,121.87711509
1576645200,132.889674687
1576731600,129.339643454
1576818000,129.117422858
1576904400,128.104759973
1576990800,132.438041341
1577077200,128.607145015
1577163600,128.953188461
1577250000,126.655141402
1577336400,126.396280778
1577422800,127.299775325
1577509200,128.331605522
1577595600,134.68619526
1577682000,132.680650164
1577768400,129.620485266
1577854800,130.656490958
1577941200,127.42471839
1578027600,134.157550565
1578114000,135.084416539
1578200400,136.244924857
1578286800,144.177875525
1578373200,143.700847337
1578459600,141.397891359
1578546000,138.945096491
1578632400,143.963781218
1578718800,142.962436783
1578805200,145.723579189
1578891600,144.407381631
1578978000,165.955358611
1579064400,166.230685102
1579150800,164.391010988
1579237200,170.77995796
1579323600,175.36567147
1579410000,166.969841975
1579496400,167.120509335
1579582800,169.69716391
1579669200,168.294161709
1579755600,162.928558428
1579842000,163.051182861
1579928400,161.283936353
1580014800,168.077100489
1580101200,170.930890433
1580187600,176.370320541
1580274000,175.050337929
1580360400,184.690476436
1580446800,180.160175239
1580533200,183.673947121
1580619600,188.617538168
1580706000,189.865063235
1580792400,189.250602393
1580878800,204.230244698
1580965200,212.339079745
1581051600,222.646891362
1581138000,223.420914339
1581224400,228.581554543
1581310800,223.603515212
1581397200,235.902957262
1581483600,265.061723272
1581570000,267.869691093
1581656400,284.703924253
1581742800,264.340641311
1581829200,260.918530034
1581915600,266.619211391
1582002000,281.724888308
1582088400,260.674851877
1582174800,258.38825168
1582261200,265.633940255
1582347600,262.136644236
1582434000,273.455840602
1582520400,265.089250669
1582606800,248.666830569
1582693200,226.048925827
1582779600,225.61445735
1582866000,227.068366954
1582952400,220.138679118
1583038800,218.769824028
1583125200,230.510890718
1583211600,224.546845236
1583298000,224.292407491
1583384400,228.729938314
1583470800,243.230273156
1583557200,237.710503246
1583643600,201.812520995
1583726400,201.194115469
1583812800,200.976627548
1583899200,194.813816901
1583985600,111.210712286
1584072000,132.932970542
1584158400,123.414366063
1584244800,125.219443993
1584331200,110.588265097
1584417600,114.150279052
1584504000,114.528519025
1584590400,136.785593182
1584676800,132.077162761
1584763200,132.586948647
1584849600,123.307074414
1584936000,134.591070534
1585022400,138.768074002
1585108800,136.09152113
1585195200,138.377415226
1585281600,134.052962568
1585368000,131.016170886
1585454400,125.72725898
1585540800,133.05521432
1585627200,133.756588602
1585713600,135.000948255
1585800000,141.642001008
1585886400,141.957366948
1585972800,145.377306567
1586059200,143.628661781
1586145600,168.81916137
1586232000,165.285948188
1586318400,172.696585994
1586404800,170.862725923
1586491200,158.338614114
1586577600,157.995632669
1586664000,161.259848185
1586750400,156.323443237
1586836800,157.46124841
1586923200,153.273393849
1587009600,172.04018088
1587096000,171.565585846
1587182400,186.751201783
1587268800,181.527161869
1587355200,171.945560386
1587441600,172.601524499
1587528000,182.578883228
1587614400,184.949545753
1587700800,189.306109341
1587787200,195.453161642
1587873600,197.327898074
1587960000,197.250485447
1588046400,198.415382994
1588132800,216.968223855
1588219200,207.408224605
1588305600,214.068067806
1588392000,215.340632944
1588478400,210.983229067
1588564800,208.290927693
1588651200,206.655814364
1588737600,204.040878521
1588824000,212.824215976
1588910400,213.078202524
1588996800,211.497347593
1589083200,188.599570436
1589169600,185.792983764
1589256000,189.271001019
1589342400,199.241630087
1589428800,203.042760176
1589515200,195.581105922
1589601600,200.721307574
1589688000,207.151978688
1589774400,214.482890481
1589860800,213.42421555
1589947200,210.008408979
1590033600,199.869702235
1590120000,207.195299323
1590206400,208.877378723
1590292800,202.601052966
1590379200,205.392487095
1590465600,201.824019812
1590552000,208.824042301
1590638400,219.629846565
1590724800,220.791959038
1590811200,242.303599809
1590897600,230.926016558
1590984000,246.957744662
1591070400,237.232150676
1591156800,244.011245319
1591243200,244.405453921
1591329600,241.252801036
1591416000,241.790079023
1591502400,245.016560068
1591588800,246.411848688
1591675200,244.762832643
1591761600,247.387706223
1591848000,231.846179185
1591934400,237.433633482
1592020800,239.013119088
1592107200,234.114695213
1592193600,230.154956193
1592280000,234.543202211
1592366400,233.087630463
1592452800,232.011836938
1592539200,227.113046362
1592625600,229.14005516
1592712000,228.852321851
1592798400,242.469977126
1592884800,244.126087345
1592971200,235.550653947
1593057600,233.164298746
1593144000,229.739634476
1593230400,223.047780639
1593316800,225.556105652
1593403200,228.32176352
1593489600,226.333193844
1593576000,231.096872279
1593662400,229.392201582
1593748800,225.387063259
1593835200,228.765700067
1593921600,227.819010324
1594008000,241.591129719
1594094400,238.966270642
1594180800,246.662511287
1594267200,243.35209027
1594353600,240.984985207
1594440000,239.45817693
1594526400,242.131695235
1594612800,239.60458484
1594699200,240.211494177
1594785600,238.423526948
1594872000,233.895904089
1594958400,232.78008747
1595044800,235.472718127
1595131200,238.551248356
1595217600,236.453358793
1595304000,245.09489923
1595390400,262.190656292
1595476800,274.465803022
1595563200,279.055760819
1595649600,304.056761197
1595736000,309.423136273
1595822400,322.250783773
1595908800,316.462708277
1595995200,317.959103807
1596081600,334.793377749
1596168000,345.904443335
1596254400,385.12357038
1596340800,370.269148979
1596427200,386.780781169
1596513600,389.654457721
1596600000,401.779810376
1596686400,395.135818394
1596772800,379.644330606
1596859200,391.616756205
1596945600,390.435118618
1597032000,395.820555289
1597118400,380.369276846
1597204800,391.312314585
1597291200,429.912672442
1597377600,437.147800819
1597464000,433.247997117
1597550400,434.035769907
1597636800,430.001858256
1597723200,423.934581814
1597809600,406.634244473
1597896000,416.649162286
1597982400,388.676127759
1598068800,396.105807936
1598155200,391.734524058
1598241600,408.219087048
1598328000,384.517629924
1598414400,386.53346602
1598500800,382.493596228
1598587200,395.707247526
1598673600,400.271934865
1598760000,428.104883415
1598846400,435.567476928
1598932800,478.086841172
1599019200,440.439451959
1599105600,386.370113686
1599192000,388.241140415
1599278400,335.260079079
1599364800,353.362265679
1599451200,352.673494754
1599537600,337.602111896
1599624000,351.110016528
1599710400,368.101907072
1599796800,374.695588755
1599883200,387.183109613
1599969600,365.570005047
1600056000,377.268875067
1600142400,364.83921823
1600228800,365.812291316
1600315200,389.019219686
1600401600,384.364541978
1600488000,385.544383604
1600574400,371.052826188
1600660800,341.78607406
1600747200,344.503162317
1600833600,320.585544328
1600920000,349.356655616
1601006400,352.161853981
1601092800,354.965268234
1601179200,357.321700713
1601265600,354.950492867
1601352000,359.963421045
1601438400,360.02237269
1601524800,353.231293731
1601611200,346.2388818942237
1601697600,346.52208571591666
1601784000,352.5724536786027
1601870400,353.95432888880674
1601956800,340.8156931000111
1602043200,341.808668893047
1602129600,350.7661452662558
1602216000,365.5905106443448
1602302400,370.96758819497745
1602388800,375.142049146778
1602475200,387.73126575427335
1602561600,381.19144210248214
1602648000,379.48415416154097
1602734400,377.44184567405705
1602820800,366.2290052407567
1602907200,368.8381423856957
1602993600,378.21616905937
1603080000,379.93617490557324
1603166400,369.1373578646947
1603252800,392.1889917364208
1603339200,413.7737210602115
1603425600,409.36850967599935
1603512000,412.6791009529401
1603598400,406.1567121290554
1603684800,393.6671235558937
1603771200,403.37387205701776
1603857600,388.9225635172634
1603944000,386.6965623754292
1604030400,383.4458514774354
1604116800,386.5185179674772
1604203200,395.2129611697478
1604293200,384.00695237414874
1604379600,387.06294274292964
1604466000,401.74739512890596
1604552400,413.99223389820895
1604638800,454.46756244132837
1604725200,436.0732550448979
1604811600,453.6422321041162
1604898000,444.69007645495594
1604984400,449.5767687523073
1605070800,462.45733944828885
1605157200,460.7509484078175
1605243600,474.5088781752494
1605330000,460.5441748125987
1605416400,447.88828942419974
1605502800,460.0364889031251
1605589200,481.03344036449465
1605675600,479.590814103675
1605762000,471.2366886444449
1605848400,509.7577827559665
1605934800,549.9270824902901
1606021200,564.0637095822408
1606107600,607.3382602755966
1606194000,602.5804973303467
1606280400,572.1228286884614
1606366800,518.03285766568
1606453200,516.5955283881825
1606539600,537.8343244015925
1606626000,574.2247051888886
1606712400,615.240538966961
1606798800,589.9957660660629
1606885200,598.5351307508776
1606971600,616.907610173774
1607058000,571.577547170352
1607144400,595.8699681348864
1607230800,601.9152601227082
1607317200,592.3523151262054
1607403600,554.7001187208505
1607490000,573.6882498149652
1607576400,560.7057654096582
1607662800,546.414769709713
1607749200,568.1924570032454
1607835600,589.9265837848689
1607922000,585.6040030999424
1608008400,589.396328500799
1608094800,636.4592216973567
1608181200,644.2332297859127
1608267600,653.6123774268141
1608354000,659.140645537081
1608440400,640.153102598009
1608526800,611.2448069985056
1608613200,634.1760750303162
1608699600,587.0722730706397
1608786000,612.8246000444663
1608872400,626.7206011177446
1608958800,635.8585943389987
1609045200,686.3050101196862
1609131600,731.9248296176013
1609218000,733.736914561986
1609304400,752.3758808117079
1609390800,737.9222196633661
1609477200,730.0237908474808
1609563600,775.75226891818
1609650000,988.2392341584771
1609736400,1042.8033945123016
1609822800,1102.0077767331381
1609909200,1203.0682171796873
1609995600,1220.564904594643
1610082000,1218.5482864114458
1610168400,1286.1176380427153
1610254800,1266.832208603462
1610341200,1089.970095030106
1610427600,1042.168990580338
1610514000,1129.0406290965311
1610600400,1219.5606385936633
1610686800,1168.4690146576834
1610773200,1234.7931510867982
1610859600,1229.5533450891458
1610946000,1257.405018768291
1611032400,1377.2303811339564
1611118800,1383.364678793038
1611205200,1121.3195105534198
1611291600,1236.2910418161894
1611378000,1230.5933672538129
1611464400,1392.0350817597694
1611550800,1324.5009914837374
1611637200,1354.411557433722
1611723600,1253.2640438408775
1611810000,1333.4433792099956
1611896400,1382.7130035616688
1611982800,1375.712305879285
1612069200,1314.9476652473681
1612155600,1368.226947292521
1612242000,1516.068851985148
1612328400,1660.6482597643192
1612414800,1594.8502537275363
1612501200,1717.685278196146
1612587600,1678.0431570887936
1612674000,1614.0184969950988
1612760400,1744.2960452078996
1612846800,1765.7412206645427
1612933200,1741.3699384146873
1613019600,1783.3497339275625
1613106000,1843.239334569996
1613192400,1813.6468478552256
1613278800,1808.1465140433331
1613365200,1777.9039157887908
1613451600,1781.0239648736683
1613538000,1842.2162430358283
1613624400,1937.2566915700736
1613710800,1961.3896830447568
1613797200,1920.968791800789
1613883600,1937.4661444881556
1613970000,1777.9415729771742
1614056400,1558.86278612602
1614142800,1620.519864634092
1614229200,1468.7737260410643
1614315600,1440.6856497157703
1614402000,1467.3802788560586
1614488400,1413.902956952862
1614574800,1567.6945563516658
1614661200,1491.555220076664
1614747600,1578.9614591764025
1614834000,1541.3152332970424
1614920400,1533.0179802018524
1615006800,1658.0976543583458
1615093200,1729.8294333198062
1615179600,1834.6286771710004
1615266000,1865.282107626696
1615352400,1802.5075939838887
1615438800,1823.8343765086345
1615525200,1767.9674144467413
1615611600,1923.7190137292318
1615698000,1865.030497482543
1615780800,1788.759362219521
1615867200,1794.6105562486055
1615953600,1820.0491071467538
1616040000,1782.5132475382777
1616126400,1815.8453550839668
1616212800,1816.3419507339388
1616299200,1787.7938407860975
1616385600,1692.5675251725809
1616472000,1682.112369973045
1616558400,1593.4134566987852
1616644800,1595.3591919960559
1616731200,1702.8420195728506
1616817600,1718.651338731084
1616904000,1692.1297955851794
1616990400,1821.6259484654051
1617076800,1846.968568001686
1617163200,1917.8114036064223
1617249600,1978.705126210288
1617336000,2141.9423844575726
1617422400,2030.510946925199
1617508800,2093.4276648050263
1617595200,2103.047831984532
1617681600,2121.2959075333592
1617768000,1977.176218397504
1617854400,2089.484751833823
1617940800,2072.10887563052
1618027200,2135.942200695291
1618113600,2157.5751721837146
1618200000,2142.890455338853
1618286400,2302.334456715042
1618372800,2428.981621987838
1618459200,2517.5167246495043
1618545600,2431.9267781297804
1618632000,2353.859995292735
1618718400,2231.9650181261595
1618804800,2160.8566073375246
1618891200,2326.8452418144984
1618977600,2358.584975811589
1619064000,2410.002403409707
1619150400,2363.381748866547
1619236800,2209.4546887090505
1619323200,2313.7069304839974
1619409600,2536.337402373935
1619496000,2660.6425546111204
1619582400,2745.4402022718627
1619668800,2756.1980338404055
1619755200,2772.8009892300843
1619841600,2944.8803199555864
1619928000,2952.509999326968
1620014400,3431.0861398113125
1620100800,3253.6294700082085
1620187200,3522.7831897794463
1620273600,3495.3172811753425
1620360000,3487.489825528675
1620446400,3903.0954918995685
1620532800,3932.3592458392786
1620619200,3954.032923953041
1620705600,4172.762067896819
1620792000,3824.914014872668
1620878400,3720.3558283469365
1620964800,4073.193627869382
1621051200,3651.8498787422063
1621137600,3582.3280545424686
1621224000,3266.303717969903
1621310400,3387.144737036667
1621396800,2478.940031741143
1621483200,2762.411406879282
1621569600,2420.7955513992883
1621656000,2304.8957676012533
1621742400,2116.9290354155455
1621828800,2637.3037720963002
1621915200,2685.6641539854813
1622001600,2874.237881098022
1622088000,2746.6272955063637
1622174400,2423.0257976529833
1622260800,2280.496833886856
1622347200,2388.539443105202
1622433600,2707.951956088878
1622520000,2627.4067453408734
1622606400,2716.8273278002393
1622692800,2856.51062185417
1622779200,2693.3397251038978
1622865600,2624.7370662877734
1622952000,2710.1428884904203
1623038400,2591.9954747374263
1623124800,2516.7989711812656
1623211200,2606.6711224864866
1623297600,2472.0757678698888
1623384000,2351.5521195540578
1623470400,2373.9284828591617
1623556800,2507.4080182172615
1623643200,2581.2670486710467
1623729600,2550.300253733806
1623816000,2362.0163030037643
1623902400,2375.14937338809
1623988800,2228.8258559078713
1624075200,2181.335161388077
1624161600,2245.30879185414
1624248000,1888.9695237292613
1624334400,1874.5844045672075
1624420800,1969.3653129755419
1624507200,1986.4102948066218
1624593600,1815.8552850107662
1624680000,1816.242839773938
1624766400,1976.3160671135274
1624852800,2078.1212333652848
1624939200,2162.8823430141933
1625025600,2271.5059145167315
1625112000,2112.2228982983606
1625198400,2150.6691698110326
1625284800,2227.4561391031134
1625371200,2322.0072203518534
1625457600,2202.8725271049248
1625544000,2321.5012132782513
1625630400,2312.346675509589
1625716800,2120.8178897569364
1625803200,2152.1770599202923
1625889600,2110.621774153243
1625976000,2139.91154340058
1626062400,2037.722570658634
1626148800,1936.3490362046173
1626235200,1993.0222396645588
1626321600,1905.2688121479434
1626408000,1881.1948787234082
1626494400,1899.612042146177
1626580800,1898.4102349994948
1626667200,1818.9427541554492
1626753600,1789.0088103222256
1626840000,1989.6451878202727
1626926400,2023.4402548403693
1627012800,2126.240798280001
1627099200,2188.7383831552966
1627185600,2193.8458562007495
1627272000,2239.6180580881455
1627358400,2292.7753523127076
1627444800,2299.3642005699844
1627531200,2382.5208222823003
1627617600,2465.7547237637773
1627704000,2539.96817360407
1627790400,2571.6168885618845
1627876800,2608.826009943204
1627963200,2507.5009793728063
1628049600,2727.122783493591
1628136000,2824.75163211565
1628222400,2891.409969175235
1628308800,3167.590537595044
1628395200,3012.419413627009
1628481600,3162.250523961713
1628568000,3143.0791617738114
1628654400,3164.245045746491
1628740800,3043.414340224314
1628827200,3324.172743915513
1628913600,3265.4433571351296
1629000000,3309.15313607015
1629086400,3156.5094272806655
1629172800,3014.8460389204124
1629259200,3020.089920029215
1629345600,3182.702225387158
1629432000,3286.9353260567027
1629518400,3226.083936944288
1629604800,3242.1155565868835
1629691200,3319.2572737679807
1629777600,3174.497105973165
1629864000,3223.9416556115193
1629950400,3221.3342283411857
