time,transaction_count
1230940800,0
1231027200,0
1231113600,0
1231200000,0
1231286400,0
1231372800,0
1231459200,0
1231545600,0
1231632000,0
1231718400,7
1231804800,0
1231891200,1
1231977600,8
1232064000,2
1232150400,0
1232236800,1
1232323200,2
1232409600,1
1232496000,1
1232582400,1
1232668800,2
1232755200,1
1232841600,1
1232928000,1
1233014400,1
1233100800,0
1233187200,1
1233273600,0
1233360000,1
1233446400,1
1233532800,1
1233619200,16
1233705600,0
1233792000,0
1233878400,0
1233964800,4
1234051200,1
1234137600,1
1234224000,0
1234310400,2
1234396800,0
1234483200,0
1234569600,0
1234656000,3
1234742400,1
1234828800,0
1234915200,0
1235001600,1
1235088000,0
1235174400,0
1235260800,4
1235347200,0
1235433600,0
1235520000,0
1235606400,0
1235692800,1
1235779200,1
1235865600,0
1235952000,0
1236038400,2
1236124800,2
1236211200,1
1236297600,0
1236384000,0
1236470400,3
1236556800,0
1236643200,0
1236729600,0
1236816000,1
1236902400,1
1236988800,0
1237075200,0
1237161600,1
1237248000,0
1237334400,2
1237420800,0
1237507200,1
1237593600,0
1237680000,2
1237766400,0
1237852800,0
1237939200,0
1238025600,1
1238112000,0
1238198400,3
1238284800,0
1238371200,0
1238457600,1
1238544000,0
1238630400,0
1238716800,0
1238803200,0
1238889600,2
1238976000,0
1239062400,0
1239148800,0
1239235200,0
1239321600,0
1239408000,1
1239494400,2
1239580800,1
1239667200,0
1239753600,0
1239840000,0
1239926400,0
1240012800,4
1240099200,1
1240185600,2
1240272000,1
1240358400,0
1240444800,0
1240531200,0
1240617600,0
1240704000,2
1240790400,0
1240876800,0
1240963200,1
1241049600,0
1241136000,0
1241222400,2
1241308800,3
1241395200,1
1241481600,1
1241568000,0
1241654400,0
1241740800,0
1241827200,0
1241913600,0
1242000000,1
1242086400,0
1242172800,5
1242259200,3
1242345600,1
1242432000,0
1242518400,0
1242604800,0
1242691200,0
1242777600,0
1242864000,0
1242950400,0
1243036800,0
1243123200,0
1243209600,0
1243296000,0
1243382400,0
1243468800,0
1243555200,1
1243641600,0
1243728000,0
1243814400,1
1243900800,0
1243987200,0
1244073600,0
1244160000,0
1244246400,0
1244332800,0
1244419200,0
1244505600,0
1244592000,0
1244678400,0
1244764800,0
1244851200,0
1244937600,0
1245024000,0
1245110400,0
1245196800,0
1245283200,0
1245369600,0
1245456000,0
1245542400,0
1245628800,1
1245715200,0
1245801600,2
1245888000,1
1245974400,0
1246060800,0
1246147200,1
1246233600,1
1246320000,1
1246406400,1
1246492800,1
1246579200,0
1246665600,0
1246752000,0
1246838400,0
1246924800,0
1247011200,0
1247097600,0
1247184000,0
1247270400,0
1247356800,0
1247443200,0
1247529600,0
1247616000,0
1247702400,0
1247788800,0
1247875200,0
1247961600,0
1248048000,1
1248134400,0
1248220800,0
1248307200,0
1248393600,0
1248480000,0
1248566400,0
1248652800,0
1248739200,0
1248825600,1
1248912000,1
1248998400,0
1249084800,0
1249171200,0
1249257600,0
1249344000,0
1249430400,0
1249516800,0
1249603200,1
1249689600,0
1249776000,0
1249862400,0
1249948800,0
1250035200,0
1250121600,0
1250208000,0
1250294400,0
1250380800,0
1250467200,0
1250553600,0
1250640000,0
1250726400,0
1250812800,0
1250899200,0
1250985600,0
1251072000,0
1251158400,0
1251244800,3
1251331200,0
1251417600,0
1251504000,0
1251590400,1
1251676800,1
1251763200,0
1251849600,0
1251936000,1
1252022400,0
1252108800,0
1252195200,0
1252281600,1
1252368000,0
1252454400,0
1252540800,0
1252627200,0
1252713600,0
1252800000,0
1252886400,0
1252972800,0
1253059200,1
1253145600,1
1253232000,0
1253318400,0
1253404800,0
1253491200,1
1253577600,1
1253664000,0
1253750400,0
1253836800,2
1253923200,0
1254009600,1
1254096000,0
1254182400,2
1254268800,0
1254355200,0
1254441600,1
1254528000,0
1254614400,0
1254700800,0
1254787200,2
1254873600,0
1254960000,0
1255046400,0
1255132800,0
1255219200,0
1255305600,1
1255392000,0
1255478400,0
1255564800,0
1255651200,1
1255737600,0
1255824000,1
1255910400,0
1255996800,1
1256083200,1
1256169600,1
1256256000,0
1256342400,1
1256428800,0
1256515200,0
1256601600,1
1256688000,0
1256774400,2
1256860800,0
1256947200,0
1257033600,0
1257120000,0
1257206400,0
1257292800,1
1257379200,0
1257465600,0
1257552000,0
1257638400,0
1257724800,0
1257811200,0
1257897600,9
1257984000,0
1258070400,3
1258156800,0
1258243200,0
1258329600,0
1258416000,0
1258502400,0
1258588800,2
1258675200,0
1258761600,0
1258848000,0
1258934400,0
1259020800,0
1259107200,0
1259193600,0
1259280000,0
1259366400,0
1259452800,0
1259539200,0
1259625600,1
1259712000,0
1259798400,0
1259884800,0
1259971200,1
1260057600,2
1260144000,0
1260230400,2
1260316800,13
1260403200,0
1260489600,0
1260576000,2
1260662400,0
1260748800,5
1260835200,2
1260921600,1
1261008000,3
1261094400,0
1261180800,1
1261267200,0
1261353600,1
1261440000,0
1261526400,0
1261612800,0
1261699200,1
1261785600,0
1261872000,1
1261958400,0
1262044800,0
1262131200,0
1262217600,0
1262304000,2
1262390400,0
1262476800,0
1262563200,2
1262649600,0
1262736000,0
1262822400,0
1262908800,0
1262995200,0
1263081600,0
1263168000,0
1263254400,2
1263340800,2
1263427200,2
1263513600,1
1263600000,1
1263686400,0
1263772800,1
1263859200,0
1263945600,0
1264032000,9
1264118400,3
1264204800,2
1264291200,1
1264377600,4
1264464000,6
1264550400,2
1264636800,2
1264723200,4
1264809600,4
1264896000,2
1264982400,9
1265068800,1
1265155200,2
1265241600,5
1265328000,4
1265414400,14
1265500800,5
1265587200,8
1265673600,3
1265760000,5
1265846400,5
1265932800,5
1266019200,3
1266105600,11
1266192000,9
1266278400,6
1266364800,11
1266451200,7
1266537600,3
1266624000,2
1266710400,4
1266796800,5
1266883200,1
1266969600,6
1267056000,4
1267142400,4
1267228800,3
1267315200,3
1267401600,4
1267488000,5
1267574400,6
1267660800,3
1267747200,2
1267833600,6
1267920000,4
1268006400,5
1268092800,2
1268179200,7
1268265600,3
1268352000,2
1268438400,1
1268524800,2
1268611200,5
1268697600,3
1268784000,3
1268870400,9
1268956800,9
1269043200,12
1269129600,7
1269216000,7
1269302400,13
1269388800,11
1269475200,15
1269561600,16
1269648000,6
1269734400,6
1269820800,12
1269907200,6
1269993600,5
1270080000,11
1270166400,5
1270252800,5
1270339200,12
1270425600,28
1270512000,15
1270598400,11
1270684800,12
1270771200,35
1270857600,38
1270944000,42
1271030400,44
1271116800,20
1271203200,43
1271289600,74
1271376000,32
1271462400,29
1271548800,3106
1271635200,44
1271721600,38
1271808000,32
1271894400,40
1271980800,50
1272067200,34
1272153600,47
1272240000,47
1272326400,53
1272412800,47
1272499200,33
1272585600,26
1272672000,27
1272758400,25
1272844800,29
1272931200,41
1273017600,25
1273104000,28
1273190400,26
1273276800,28
1273363200,40
1273449600,29
1273536000,19
1273622400,32
1273708800,39
1273795200,30
1273881600,22
1273968000,20
1274054400,35
1274140800,55
1274227200,43
1274313600,34
1274400000,59
1274486400,31
1274572800,98
1274659200,62
1274745600,44
1274832000,64
1274918400,75
1275004800,54
1275091200,55
1275177600,51
1275264000,52
1275350400,48
1275436800,47
1275523200,83
1275609600,48
1275696000,45
1275782400,52
1275868800,52
1275955200,63
1276041600,52
1276128000,57
1276214400,79
1276300800,78
1276387200,67
1276473600,96
1276560000,85
1276646400,50
1276732800,58
1276819200,43
1276905600,64
1276992000,43
1277078400,88
1277164800,71
1277251200,70
1277337600,71
1277424000,60
1277510400,42
1277596800,56
1277683200,78
1277769600,95
1277856000,91
1277942400,73
1278028800,74
1278115200,74
1278201600,58
1278288000,73
1278374400,39
1278460800,62
1278547200,72
1278633600,69
1278720000,42
1278806400,174
1278892800,1641
1278979200,787
1279065600,5554
1279152000,706
1279238400,676
1279324800,235
1279411200,248
1279497600,354
1279584000,413
1279670400,256
1279756800,221
1279843200,217
1279929600,705
1280016000,1592
1280102400,224
1280188800,260
1280275200,1792
1280361600,1687
1280448000,143
1280534400,92
1280620800,125
1280707200,156
1280793600,421
1280880000,196
1280966400,297
1281052800,212
1281139200,118
1281225600,192
1281312000,234
1281398400,149
1281484800,179
1281571200,175
1281657600,301
1281744000,153
1281830400,108
1281916800,306
1282003200,189
1282089600,244
1282176000,190
1282262400,230
1282348800,169
1282435200,154
1282521600,156
1282608000,164
1282694400,149
1282780800,158
1282867200,123
1282953600,169
1283040000,98
1283126400,180
1283212800,257
1283299200,223
1283385600,165
1283472000,155
1283558400,93
1283644800,146
1283731200,120
1283817600,122
1283904000,174
1283990400,189
1284076800,183
1284163200,145
1284249600,202
1284336000,265
1284422400,221
1284508800,261
1284595200,219
1284681600,153
1284768000,162
1284854400,146
1284940800,262
1285027200,638
1285113600,499
1285200000,421
1285286400,273
1285372800,325
1285459200,195
1285545600,374
1285632000,279
1285718400,811
1285804800,219
1285891200,430
1285977600,401
1286064000,255
1286150400,254
1286236800,245
1286323200,236
1286409600,180
1286496000,209
1286582400,243
1286668800,185
1286755200,183
1286841600,197
1286928000,188
1287014400,162
1287100800,151
1287187200,183
1287273600,187
1287360000,330
1287446400,668
1287532800,449
1287619200,366
1287705600,448
1287792000,342
1287878400,347
1287964800,207
1288051200,277
1288137600,355
1288224000,267
1288310400,244
1288396800,174
1288483200,128
1288569600,174
1288656000,110
1288742400,157
1288828800,141
1288915200,223
1289001600,176
1289088000,210
1289174400,240
1289260800,192
1289347200,194
1289433600,176
1289520000,117
1289606400,120
1289692800,160
1289779200,4671
1289865600,8908
1289952000,188
1290038400,1237
1290124800,9482
1290211200,9615
1290297600,9904
1290384000,180
1290470400,201
1290556800,3759
1290643200,4802
1290729600,1120
1290816000,265
1290902400,282
1290988800,245
1291075200,252
1291161600,324
1291248000,272
1291334400,195
1291420800,189
1291507200,195
1291593600,224
1291680000,334
1291766400,285
1291852800,263
1291939200,226
1292025600,375
1292112000,472
1292198400,505
1292284800,482
1292371200,446
1292457600,358
1292544000,296
1292630400,338
1292716800,367
1292803200,773
1292889600,434
1292976000,502
1293062400,374
1293148800,383
1293235200,466
1293321600,439
1293408000,360
1293494400,492
1293580800,348
1293667200,424
1293753600,393
1293840000,478
1293926400,394
1294012800,972
1294099200,838
1294185600,1156
1294272000,553
1294358400,856
1294444800,1266
1294531200,1060
1294617600,1150
1294704000,1190
1294790400,995
1294876800,1078
1294963200,1081
1295049600,805
1295136000,757
1295222400,649
1295308800,677
1295395200,748
1295481600,738
1295568000,992
1295654400,1257
1295740800,911
1295827200,1131
1295913600,733
1296000000,825
1296086400,681
1296172800,923
1296259200,1186
1296345600,2436
1296432000,1223
1296518400,849
1296604800,738
1296691200,629
1296777600,760
1296864000,653
1296950400,732
1297036800,689
1297123200,678
1297209600,1035
1297296000,1848
1297382400,2169
1297468800,1716
1297555200,1624
1297641600,1810
1297728000,1999
1297814400,1858
1297900800,2019
1297987200,1844
1298073600,1422
1298160000,1741
1298246400,1776
1298332800,1985
1298419200,2020
1298505600,1902
1298592000,1835
1298678400,1676
1298764800,2025
1298851200,1570
1298937600,2599
1299024000,1841
1299110400,3018
1299196800,1761
1299283200,1771
1299369600,1757
1299456000,1715
1299542400,2253
1299628800,1674
1299715200,1551
1299801600,1754
1299888000,2816
1299974400,2594
1300060800,2531
1300147200,2742
1300233600,3047
1300320000,3226
1300406400,2251
1300492800,3074
1300579200,3939
1300665600,5707
1300752000,2119
1300838400,4413
1300924800,2012
1301011200,1826
1301097600,3197
1301184000,2320
1301270400,2763
1301356800,2555
1301443200,1600
1301529600,1894
1301616000,1403
1301702400,1592
1301788800,1630
1301875200,2131
1301961600,1925
1302048000,1716
1302134400,1530
1302220800,1601
1302307200,1577
1302393600,1571
1302480000,1780
1302566400,1914
1302652800,2177
1302739200,2721
1302825600,1882
1302912000,1981
1302998400,2077
1303084800,2887
1303171200,3444
1303257600,2825
1303344000,1768
1303430400,1921
1303516800,2138
1303603200,2111
1303689600,2400
1303776000,3260
1303862400,4397
1303948800,2871
1304035200,3334
1304121600,4284
1304208000,3770
1304294400,2898
1304380800,2739
1304467200,2603
1304553600,3245
1304640000,3072
1304726400,3673
1304812800,2679
1304899200,3277
1304985600,2968
1305072000,2899
1305158400,3192
1305244800,3857
1305331200,4172
1305417600,3550
1305504000,4102
1305590400,4207
1305676800,5293
1305763200,4492
1305849600,4575
1305936000,4744
1306022400,5030
1306108800,5459
1306195200,5566
1306281600,5951
1306368000,6671
1306454400,4686
1306540800,4858
1306627200,4573
1306713600,5183
1306800000,5913
1306886400,6352
1306972800,6946
1307059200,8239
1307145600,8587
1307232000,8384
1307318400,9470
1307404800,8832
1307491200,11630
1307577600,11954
1307664000,11046
1307750400,10645
1307836800,12207
1307923200,11019
1308009600,13911
1308096000,12326
1308182400,12566
1308268800,11110
1308355200,11366
1308441600,11249
1308528000,10991
1308614400,9451
1308700800,11259
1308787200,10178
1308873600,10706
1308960000,9550
1309046400,9836
1309132800,11582
1309219200,10559
1309305600,9830
1309392000,9445
1309478400,10430
1309564800,7849
1309651200,8199
1309737600,9434
1309824000,8826
1309910400,10362
1309996800,9049
1310083200,8363
1310169600,7702
1310256000,8255
1310342400,10366
1310428800,8006
1310515200,9002
1310601600,8572
1310688000,7836
1310774400,8719
1310860800,8209
1310947200,8806
1311033600,9043
1311120000,8714
1311206400,8011
1311292800,8840
1311379200,7269
1311465600,8053
1311552000,9320
1311638400,8194
1311724800,7821
1311811200,7964
1311897600,7151
1311984000,6057
1312070400,7924
1312156800,8030
1312243200,8663
1312329600,7580
1312416000,8178
1312502400,7220
1312588800,6712
1312675200,6584
1312761600,7131
1312848000,9073
1312934400,8183
1313020800,7459
1313107200,7034
1313193600,7268
1313280000,7339
1313366400,8250
1313452800,9493
1313539200,7586
1313625600,7271
1313712000,7483
1313798400,7039
1313884800,7507
1313971200,7646
1314057600,7122
1314144000,7233
1314230400,7106
1314316800,7274
1314403200,6239
1314489600,5473
1314576000,7956
1314662400,7658
1314748800,7137
1314835200,7074
1314921600,6870
1315008000,5780
1315094400,7124
1315180800,6883
1315267200,7679
1315353600,6954
1315440000,6368
1315526400,7222
1315612800,5860
1315699200,6318
1315785600,6442
1315872000,6377
1315958400,6054
1316044800,6318
1316131200,6090
1316217600,5320
1316304000,5828
1316390400,6526
1316476800,8005
1316563200,7538
1316649600,5991
1316736000,6195
1316822400,5599
1316908800,5585
1316995200,5505
1317081600,5968
1317168000,5870
1317254400,5464
1317340800,5743
1317427200,5231
1317513600,4914
1317600000,6376
1317686400,5697
1317772800,5626
1317859200,5784
1317945600,5536
1318032000,5283
1318118400,5330
1318204800,5759
1318291200,5837
1318377600,5829
1318464000,4887
1318550400,5972
1318636800,5445
1318723200,4862
1318809600,5663
1318896000,4743
1318982400,4997
1319068800,4534
1319155200,5085
1319241600,5016
1319328000,5500
1319414400,5807
1319500800,5097
1319587200,5155
1319673600,4577
1319760000,5013
1319846400,5483
1319932800,4869
1320019200,5051
1320105600,5627
1320192000,5837
1320278400,6128
1320364800,6393
1320451200,5782
1320537600,4890
1320624000,5364
1320710400,5845
1320796800,6287
1320883200,6400
1320969600,4974
1321056000,4984
1321142400,5230
1321228800,5765
1321315200,5941
1321401600,5913
1321488000,4820
1321574400,5036
1321660800,4601
1321747200,4982
1321833600,4652
1321920000,5351
1322006400,5464
1322092800,4905
1322179200,5351
1322265600,4632
1322352000,4947
1322438400,5803
1322524800,6276
1322611200,6695
1322697600,6170
1322784000,6172
1322870400,5479
1322956800,5249
1323043200,6079
1323129600,7807
1323216000,5997
1323302400,5656
1323388800,5441
1323475200,5534
1323561600,5109
1323648000,4735
1323734400,5274
1323820800,5539
1323907200,4738
1323993600,5046
1324080000,4843
1324166400,4488
1324252800,5685
1324339200,6161
1324425600,5428
1324512000,5711
1324598400,5540
1324684800,4513
1324771200,5112
1324857600,5464
1324944000,5066
1325030400,4845
1325116800,5074
1325203200,4909
1325289600,4986
1325376000,4848
1325462400,5259
1325548800,5614
1325635200,5582
1325721600,6847
1325808000,6473
1325894400,5721
1325980800,6241
1326067200,5948
1326153600,6536
1326240000,6986
1326326400,6541
1326412800,6707
1326499200,6657
1326585600,6173
1326672000,6799
1326758400,6595
1326844800,6519
1326931200,6752
1327017600,6635
1327104000,6202
1327190400,5189
1327276800,5930
1327363200,7129
1327449600,7813
1327536000,6460
1327622400,6196
1327708800,5765
1327795200,6259
1327881600,5981
1327968000,6775
1328054400,6361
1328140800,7005
1328227200,6892
1328313600,7080
1328400000,6632
1328486400,5990
1328572800,6875
1328659200,6879
1328745600,7343
1328832000,8318
1328918400,7529
1329004800,6872
1329091200,7855
1329177600,9351
1329264000,9203
1329350400,9399
1329436800,6626
1329523200,6345
1329609600,5800
1329696000,6199
1329782400,6291
1329868800,7035
1329955200,7848
1330041600,6781
1330128000,6141
1330214400,5671
1330300800,6581
1330387200,6565
1330473600,6540
1330560000,6660
1330646400,7511
1330732800,5074
1330819200,6454
1330905600,6834
1330992000,6231
1331078400,6481
1331164800,6481
1331251200,6334
1331337600,5205
1331424000,5089
1331510400,5975
1331596800,7235
1331683200,6758
1331769600,6163
1331856000,6782
1331942400,6706
1332028800,5879
1332115200,6509
1332201600,6674
1332288000,6842
1332374400,6429
1332460800,6030
1332547200,6191
1332633600,6055
1332720000,6468
1332806400,6510
1332892800,7089
1332979200,7377
1333065600,6674
1333152000,6022
1333238400,5421
1333324800,6356
1333411200,7606
1333497600,7006
1333584000,6911
1333670400,6563
1333756800,5951
1333843200,5765
1333929600,6471
1334016000,8321
1334102400,7717
1334188800,8163
1334275200,6918
1334361600,7888
1334448000,7264
1334534400,8427
1334620800,7670
1334707200,8450
1334793600,7743
1334880000,8131
1334966400,7047
1335052800,6214
1335139200,6969
1335225600,7522
1335312000,7430
1335398400,9944
1335484800,7060
1335571200,7275
1335657600,7550
1335744000,9234
1335830400,10038
1335916800,9828
1336003200,13845
1336089600,13937
1336176000,12831
1336262400,10986
1336348800,18077
1336435200,17543
1336521600,17079
1336608000,11653
1336694400,18918
1336780800,18198
1336867200,14597
1336953600,28210
1337040000,22105
1337126400,17957
1337212800,16819
1337299200,24336
1337385600,35255
1337472000,31322
1337558400,31478
1337644800,23365
1337731200,27302
1337817600,26464
1337904000,28878
1337990400,23137
1338076800,26288
1338163200,29746
1338249600,29690
1338336000,25449
1338422400,20875
1338508800,26917
1338595200,12640
1338681600,33448
1338768000,45783
1338854400,44217
1338940800,15784
1339027200,33064
1339113600,23756
1339200000,32879
1339286400,40555
1339372800,32391
1339459200,18087
1339545600,56644
1339632000,61782
1339718400,54827
1339804800,43126
1339891200,43745
1339977600,38896
1340064000,35815
1340150400,32101
1340236800,26646
1340323200,23427
1340409600,22139
1340496000,22261
1340582400,28559
1340668800,30086
1340755200,30712
1340841600,26385
1340928000,22731
1341014400,22486
1341100800,19134
1341187200,24995
1341273600,22507
1341360000,23014
1341446400,21499
1341532800,23761
1341619200,25449
1341705600,20646
1341792000,24966
1341878400,34930
1341964800,31116
1342051200,24153
1342137600,24393
1342224000,22626
1342310400,26205
1342396800,31229
1342483200,35029
1342569600,32433
1342656000,30900
1342742400,36646
1342828800,34452
1342915200,34705
1343001600,32557
1343088000,28208
1343174400,27167
1343260800,30538
1343347200,26977
1343433600,35077
1343520000,34317
1343606400,34219
1343692800,41377
1343779200,30404
1343865600,33046
1343952000,27618
1344038400,28854
1344124800,33144
1344211200,35260
1344297600,29439
1344384000,40002
1344470400,29772
1344556800,28219
1344643200,32971
1344729600,34477
1344816000,48712
1344902400,34349
1344988800,52802
1345075200,46323
1345161600,40416
1345248000,37011
1345334400,36769
1345420800,35663
1345507200,42242
1345593600,37718
1345680000,31653
1345766400,32127
1345852800,33301
1345939200,29341
1346025600,32951
1346112000,29687
1346198400,34041
1346284800,33760
1346371200,40484
1346457600,40613
1346544000,33424
1346630400,38081
1346716800,39793
1346803200,40955
1346889600,42619
1346976000,33315
1347062400,31028
1347148800,31305
1347235200,33482
1347321600,38080
1347408000,27941
1347494400,28895
1347580800,35956
1347667200,27104
1347753600,28254
1347840000,24278
1347926400,32654
1348012800,32090
1348099200,31130
1348185600,30178
1348272000,21857
1348358400,27841
1348444800,29037
1348531200,24038
1348617600,32273
1348704000,28186
1348790400,32610
1348876800,23824
1348963200,20509
1349049600,24596
1349136000,32732
1349222400,26536
1349308800,32484
1349395200,36235
1349481600,32517
1349568000,34601
1349654400,38033
1349740800,35308
1349827200,31077
1349913600,27546
1350000000,28544
1350086400,32942
1350172800,27287
1350259200,30829
1350345600,34378
1350432000,31671
1350518400,28100
1350604800,25218
1350691200,30284
1350777600,40672
1350864000,42997
1350950400,31901
1351036800,32032
1351123200,26855
1351209600,21762
1351296000,16138
1351382400,17799
1351468800,21342
1351555200,30604
1351641600,27611
1351728000,23501
1351814400,28847
1351900800,23753
1351987200,24147
1352073600,32024
1352160000,31851
1352246400,36323
1352332800,32261
1352419200,25005
1352505600,26965
1352592000,23408
1352678400,23771
1352764800,26991
1352851200,29758
1352937600,37468
1353024000,39301
1353110400,32398
1353196800,33990
1353283200,36777
1353369600,36711
1353456000,38914
1353542400,30756
1353628800,32184
1353715200,29567
1353801600,36590
1353888000,35741
1353974400,27484
1354060800,37084
1354147200,37257
1354233600,29633
1354320000,33325
1354406400,20463
1354492800,21512
1354579200,32244
1354665600,33622
1354752000,37026
1354838400,32016
1354924800,33036
1355011200,31933
1355097600,36078
1355184000,36635
1355270400,36606
1355356800,42384
1355443200,38908
1355529600,32249
1355616000,35365
1355702400,40906
1355788800,49687
1355875200,44623
1355961600,35816
1356048000,44454
1356134400,51105
1356220800,36616
1356307200,35979
1356393600,28619
1356480000,36432
1356566400,43631
1356652800,46936
1356739200,37966
1356825600,45281
1356912000,29906
1356998400,31734
1357084800,39280
1357171200,42147
1357257600,48436
1357344000,39455
1357430400,32881
1357516800,40120
1357603200,38491
1357689600,43060
1357776000,52392
1357862400,52632
1357948800,45549
1358035200,49308
1358121600,44403
1358208000,44901
1358294400,53498
1358380800,47989
1358467200,49018
1358553600,56016
1358640000,41241
1358726400,40309
1358812800,43608
1358899200,46552
1358985600,46065
1359072000,48374
1359158400,52210
1359244800,55262
1359331200,52033
1359417600,51545
1359504000,41066
1359590400,51440
1359676800,59235
1359763200,54312
1359849600,60978
1359936000,54841
1360022400,53253
1360108800,42409
1360195200,61083
1360281600,60770
1360368000,57607
1360454400,56282
1360540800,57435
1360627200,58412
1360713600,58919
1360800000,50777
1360886400,55468
1360972800,51244
1361059200,49447
1361145600,50213
1361232000,54360
1361318400,59555
1361404800,55740
1361491200,62001
1361577600,57722
1361664000,57008
1361750400,66940
1361836800,63272
1361923200,60756
1362009600,62853
1362096000,64383
1362182400,55680
1362268800,54298
1362355200,63865
1362441600,56729
1362528000,62605
1362614400,66610
1362700800,55697
1362787200,55377
1362873600,73661
1362960000,59125
1363046400,48349
1363132800,56533
1363219200,57890
1363305600,62604
1363392000,34012
1363478400,35139
1363564800,43295
1363651200,45938
1363737600,46065
1363824000,55346
1363910400,60355
1363996800,52697
1364083200,51146
1364169600,48849
1364256000,48910
1364342400,53076
1364428800,60806
1364515200,62085
1364601600,59023
1364688000,43817
1364774400,52572
1364860800,63095
1364947200,63766
1365033600,66738
1365120000,61215
1365206400,51555
1365292800,63377
1365379200,61525
1365465600,66803
1365552000,63690
1365638400,68247
1365724800,58517
1365811200,53350
1365897600,55318
1365984000,54332
1366070400,67608
1366156800,56535
1366243200,46484
1366329600,59391
1366416000,48148
1366502400,44048
1366588800,47041
1366675200,61500
1366761600,64861
1366848000,62394
1366934400,55093
1367020800,44222
1367107200,41702
1367193600,51602
1367280000,47450
1367366400,55176
1367452800,55295
1367539200,51275
1367625600,50102
1367712000,50167
1367798400,53174
1367884800,56567
1367971200,50274
1368057600,66610
1368144000,67709
1368230400,73220
1368316800,65260
1368403200,60824
1368489600,66316
1368576000,64030
1368662400,61010
1368748800,58570
1368835200,52066
1368921600,47664
1369008000,48692
1369094400,53791
1369180800,51834
1369267200,59615
1369353600,55232
1369440000,51115
1369526400,40559
1369612800,52582
1369699200,56912
1369785600,54892
1369872000,57247
1369958400,54171
1370044800,54098
1370131200,49748
1370217600,55661
1370304000,57409
1370390400,56376
1370476800,54457
1370563200,52027
1370649600,48037
1370736000,44312
1370822400,44826
1370908800,49483
1370995200,45704
1371081600,43007
1371168000,49992
1371254400,35653
1371340800,42781
1371427200,45798
1371513600,45877
1371600000,46895
1371686400,52361
1371772800,46859
1371859200,44418
1371945600,38342
1372032000,44095
1372118400,44472
1372204800,45453
1372291200,45961
1372377600,49383
1372464000,36376
1372550400,30800
1372636800,38971
1372723200,39497
1372809600,35347
1372896000,35127
1372982400,36851
1373068800,33185
1373155200,30170
1373241600,39437
1373328000,40647
1373414400,39043
1373500800,43260
1373587200,48106
1373673600,37813
1373760000,34761
1373846400,36590
1373932800,39228
1374019200,40459
1374105600,41009
1374192000,36588
1374278400,33516
1374364800,35257
1374451200,39814
1374537600,38291
1374624000,42202
1374710400,42384
1374796800,37209
1374883200,36711
1374969600,37134
1375056000,41634
1375142400,41936
1375228800,49334
1375315200,50727
1375401600,51489
1375488000,45576
1375574400,42767
1375660800,50812
1375747200,54179
1375833600,57420
1375920000,57817
1376006400,49463
1376092800,51485
1376179200,38206
1376265600,50012
1376352000,52897
1376438400,51492
1376524800,57959
1376611200,70951
1376697600,56356
1376784000,56203
1376870400,71137
1376956800,63038
1377043200,60335
1377129600,66596
1377216000,54999
1377302400,51634
1377388800,44296
1377475200,55927
1377561600,62018
1377648000,64569
1377734400,58803
1377820800,62398
1377907200,47282
1377993600,46377
1378080000,51051
1378166400,51969
1378252800,52816
1378339200,60551
1378425600,60665
1378512000,51822
1378598400,46295
1378684800,57473
1378771200,53092
1378857600,49010
1378944000,52087
1379030400,44630
1379116800,43342
1379203200,53491
1379289600,51731
1379376000,67752
1379462400,60386
1379548800,59625
1379635200,58794
1379721600,52309
1379808000,50700
1379894400,65118
1379980800,62380
1380067200,54342
1380153600,57383
1380240000,46742
1380326400,42403
1380412800,41011
1380499200,46993
1380585600,56984
1380672000,61773
1380758400,59352
1380844800,51760
1380931200,45260
1381017600,42672
1381104000,44391
1381190400,44970
1381276800,50494
1381363200,56661
1381449600,51737
1381536000,49260
1381622400,51083
1381708800,57202
1381795200,55566
1381881600,50616
1381968000,46703
1382054400,59469
1382140800,55088
1382227200,49219
1382313600,60240
1382400000,64803
1382486400,55093
1382572800,63419
1382659200,57236
1382745600,47565
1382832000,43512
1382918400,50929
1383004800,49770
1383091200,48251
1383177600,57970
1383264000,45163
1383350400,38979
1383436800,35755
1383523200,45328
1383609600,51423
1383696000,54845
1383782400,60391
1383868800,59089
1383955200,55056
1384041600,57367
1384128000,57218
1384214400,58106
1384300800,64702
1384387200,69230
1384473600,60748
1384560000,46981
1384646400,51137
1384732800,78876
1384819200,92746
1384905600,77394
1384992000,71672
1385078400,76775
1385164800,72375
1385251200,60693
1385337600,71620
1385424000,83224
1385510400,95358
1385596800,98740
1385683200,89911
1385769600,75014
1385856000,71947
1385942400,75411
1386028800,77467
1386115200,79453
1386201600,83113
1386288000,71891
1386374400,67517
1386460800,47282
1386547200,63449
1386633600,67431
1386720000,67140
1386806400,58056
1386892800,59941
1386979200,53859
1387065600,52131
1387152000,69181
1387238400,67537
1387324800,81311
1387411200,70052
1387497600,64905
1387584000,55922
1387670400,52728
1387756800,54096
1387843200,55696
1387929600,55266
1388016000,51096
1388102400,52490
1388188800,47859
1388275200,51157
1388361600,55440
1388448000,48663
1388534400,42865
1388620800,54636
1388707200,60819
1388793600,51911
1388880000,58469
1388966400,67172
1389052800,62734
1389139200,61246
1389225600,58824
1389312000,53979
1389398400,55646
1389484800,50330
1389571200,53292
1389657600,57216
1389744000,61428
1389830400,56518
1389916800,58874
1390003200,51399
1390089600,47836
1390176000,62808
1390262400,72411
1390348800,65643
1390435200,63399
1390521600,65411
1390608000,53699
1390694400,53430
1390780800,64200
1390867200,65608
1390953600,59530
1391040000,60623
1391126400,60085
1391212800,54649
1391299200,52297
1391385600,57419
1391472000,69627
1391558400,67361
1391644800,69978
1391731200,70359
1391817600,64827
1391904000,56441
1391990400,66694
1392076800,67065
1392163200,61948
1392249600,67161
1392336000,74698
1392422400,61709
1392508800,57336
1392595200,60698
1392681600,65245
1392768000,69942
1392854400,70967
1392940800,69238
1393027200,58493
1393113600,59906
1393200000,73605
1393286400,79921
1393372800,72992
1393459200,70671
1393545600,70109
1393632000,63258
1393718400,56495
1393804800,81116
1393891200,84451
1393977600,72236
1394064000,70354
1394150400,72179
1394236800,64422
1394323200,61982
1394409600,70735
1394496000,76036
1394582400,76157
1394668800,72643
1394755200,70482
1394841600,60143
1394928000,59161
1395014400,66235
1395100800,53996
1395187200,73644
1395273600,70825
1395360000,72905
1395446400,66503
1395532800,57597
1395619200,70795
1395705600,71726
1395792000,68156
1395878400,71546
1395964800,66905
1396051200,53095
1396137600,56713
1396224000,64862
1396310400,63965
1396396800,66716
1396483200,66820
1396569600,65497
1396656000,55624
1396742400,49859
1396828800,65659
1396915200,67707
1397001600,64992
1397088000,67872
1397174400,65563
1397260800,47579
1397347200,50981
1397433600,70026
1397520000,72627
1397606400,68435
1397692800,65021
1397779200,56836
1397865600,53356
1397952000,48865
1398038400,57939
1398124800,77888
1398211200,73789
1398297600,72543
1398384000,72468
1398470400,52012
1398556800,52452
1398643200,64394
1398729600,64886
1398816000,63501
1398902400,59482
1398988800,59820
1399075200,54015
1399161600,51618
1399248000,67638
1399334400,77034
1399420800,69666
1399507200,68770
1399593600,66123
1399680000,56237
1399766400,52438
1399852800,74254
1399939200,69195
1400025600,69658
1400112000,74722
1400198400,65252
1400284800,53338
1400371200,49740
1400457600,63926
1400544000,71343
1400630400,68730
1400716800,73171
1400803200,72645
1400889600,52718
1400976000,57405
1401062400,66849
1401148800,68388
1401235200,72169
1401321600,65221
1401408000,64960
1401494400,52025
1401580800,55047
1401667200,64241
1401753600,69517
1401840000,64873
1401926400,66793
1402012800,62203
1402099200,51055
1402185600,48172
1402272000,59719
1402358400,63149
1402444800,62681
1402531200,64572
1402617600,64576
1402704000,53418
1402790400,53726
1402876800,68074
1402963200,69893
1403049600,63730
1403136000,62287
1403222400,57195
1403308800,50987
1403395200,49924
1403481600,60040
1403568000,64695
1403654400,64210
1403740800,61261
1403827200,62769
1403913600,54210
1404000000,48937
1404086400,70099
1404172800,69310
1404259200,66591
1404345600,62710
1404432000,59328
1404518400,49802
1404604800,51997
1404691200,64536
1404777600,69967
1404864000,68352
1404950400,64456
1405036800,58921
1405123200,53297
1405209600,52257
1405296000,62626
1405382400,72157
1405468800,65427
1405555200,66061
1405641600,63890
1405728000,59376
1405814400,51846
1405900800,64035
1405987200,66716
1406073600,66737
1406160000,66133
1406246400,61335
1406332800,56199
1406419200,51838
1406505600,64594
1406592000,61458
1406678400,65981
1406764800,69607
1406851200,67758
1406937600,54826
1407024000,53467
1407110400,67719
1407196800,72688
1407283200,80238
1407369600,69753
1407456000,68139
1407542400,60417
1407628800,57736
1407715200,75393
1407801600,76808
1407888000,75593
1407974400,78902
1408060800,73028
1408147200,67816
1408233600,60053
1408320000,72560
1408406400,74554
1408492800,73673
1408579200,72999
1408665600,66841
1408752000,57431
1408838400,56549
1408924800,69757
1409011200,72487
1409097600,74412
1409184000,68455
1409270400,68444
1409356800,61032
1409443200,57567
1409529600,70247
1409616000,71762
1409702400,71699
1409788800,70652
1409875200,67893
1409961600,63190
1410048000,60197
1410134400,75622
1410220800,81666
1410307200,72401
1410393600,65856
1410480000,68230
1410566400,61065
1410652800,67497
1410739200,78508
1410825600,87063
1410912000,80119
1410998400,77185
1411084800,69266
1411171200,63306
1411257600,59636
1411344000,73121
1411430400,77133
1411516800,74818
1411603200,78351
1411689600,72421
1411776000,63004
1411862400,62310
1411948800,77787
1412035200,77853
1412121600,78624
1412208000,71948
1412294400,74948
1412380800,66478
1412467200,67161
1412553600,77888
1412640000,78935
1412726400,78674
1412812800,82641
1412899200,80903
1412985600,64876
1413072000,63361
1413158400,77787
1413244800,81232
1413331200,76106
1413417600,75589
1413504000,70697
1413590400,66313
1413676800,63122
1413763200,82563
1413849600,81498
1413936000,79828
1414022400,80487
1414108800,77747
1414195200,72360
1414281600,70637
1414368000,83818
1414454400,87842
1414540800,93512
1414627200,92452
1414713600,85515
1414800000,69432
1414886400,77015
1414972800,90182
1415059200,87455
1415145600,89322
1415232000,94142
1415318400,83807
1415404800,72564
1415491200,72062
1415577600,88847
1415664000,85489
1415750400,95432
1415836800,92813
1415923200,86153
1416009600,73102
1416096000,75859
1416182400,88210
1416268800,87370
1416355200,85130
1416441600,89250
1416528000,82052
1416614400,74571
1416700800,77141
1416787200,85660
1416873600,86002
1416960000,84974
1417046400,84541
1417132800,85764
1417219200,78941
1417305600,84853
1417392000,97493
1417478400,99269
1417564800,99232
1417651200,98202
1417737600,90744
1417824000,81093
1417910400,74666
1417996800,90583
1418083200,90078
1418169600,88655
1418256000,83857
1418342400,81156
1418428800,76061
1418515200,79562
1418601600,94318
1418688000,100921
1418774400,98316
1418860800,95078
1418947200,95268
1419033600,86767
1419120000,78831
1419206400,96347
1419292800,99319
1419379200,82194
1419465600,67760
1419552000,76046
1419638400,76662
1419724800,75546
1419811200,83283
1419897600,84894
1419984000,77259
1420070400,59179
1420156800,79122
1420243200,82065
1420329600,85522
1420416000,95429
1420502400,87663
1420588800,89776
1420675200,106985
1420761600,102135
1420848000,104727
1420934400,90475
1421020800,98827
1421107200,102182
1421193600,104620
1421280000,120239
1421366400,104560
1421452800,90361
1421539200,83033
1421625600,98341
1421712000,98807
1421798400,96810
1421884800,93563
1421971200,91887
1422057600,83431
1422144000,86433
1422230400,108054
1422316800,99244
1422403200,85068
1422489600,90715
1422576000,81061
1422662400,86146
1422748800,78839
1422835200,85828
1422921600,91666
1423008000,90655
1423094400,86408
1423180800,85528
1423267200,85540
1423353600,82547
1423440000,104597
1423526400,102831
1423612800,96890
1423699200,87308
1423785600,113514
1423872000,98613
1423958400,85127
1424044800,104475
1424131200,102839
1424217600,105552
1424304000,94386
1424390400,98556
1424476800,87685
1424563200,84791
1424649600,101373
1424736000,104996
1424822400,105235
1424908800,100667
1424995200,101322
1425081600,89490
1425168000,88588
1425254400,104779
1425340800,110823
1425427200,98389
1425513600,100983
1425600000,93721
1425686400,91365
1425772800,87371
1425859200,105392
1425945600,105389
1426032000,100611
1426118400,96964
1426204800,95890
1426291200,89380
1426377600,84791
1426464000,105079
1426550400,99433
1426636800,99454
1426723200,106160
1426809600,103396
1426896000,92685
1426982400,90444
1427068800,105874
1427155200,92754
1427241600,96976
1427328000,101033
1427414400,99320
1427500800,87226
1427587200,90363
1427673600,106213
1427760000,114961
1427846400,119211
1427932800,111904
1428019200,104400
1428105600,89498
1428192000,94875
1428278400,107323
1428364800,108562
1428451200,110626
1428537600,116487
1428624000,112674
1428710400,99289
1428796800,86871
1428883200,115251
1428969600,110001
1429056000,107484
1429142400,98908
1429228800,102629
1429315200,97563
1429401600,90989
1429488000,116592
1429574400,112349
1429660800,111726
1429747200,109708
1429833600,108652
1429920000,98302
1430006400,92855
1430092800,113638
1430179200,113040
1430265600,117133
1430352000,112824
1430438400,99412
1430524800,94955
1430611200,84461
1430697600,103872
1430784000,115194
1430870400,111572
1430956800,110984
1431043200,108995
1431129600,94587
1431216000,89280
1431302400,111216
1431388800,109951
1431475200,108696
1431561600,101430
1431648000,105013
1431734400,90554
1431820800,86991
1431907200,98434
1431993600,107216
1432080000,106743
1432166400,98147
1432252800,102632
1432339200,86167
1432425600,93898
1432512000,105945
1432598400,108240
1432684800,107951
1432771200,110848
1432857600,123898
1432944000,127665
1433030400,98636
1433116800,128564
1433203200,128057
1433289600,127458
1433376000,118205
1433462400,110063
1433548800,92518
1433635200,83478
1433721600,108016
1433808000,121487
1433894400,131110
1433980800,120489
1434067200,126803
1434153600,105684
1434240000,102888
1434326400,129245
1434412800,121423
1434499200,132964
1434585600,124773
1434672000,125075
1434758400,101878
1434844800,96530
1434931200,119192
1435017600,125420
1435104000,112937
1435190400,111316
1435276800,116278
1435363200,105875
1435449600,99004
1435536000,124040
1435622400,155724
1435708800,143977
1435795200,141999
1435881600,129558
1435968000,104430
1436054400,114942
1436140800,173889
1436227200,190613
1436313600,201586
1436400000,191030
1436486400,192866
1436572800,186052
1436659200,208550
1436745600,159547
1436832000,122474
1436918400,115417
1437004800,114253
1437091200,116759
1437177600,130546
1437264000,120735
1437350400,125102
1437436800,133658
1437523200,131105
1437609600,109480
1437696000,109749
1437782400,100390
1437868800,92632
1437955200,115077
1438041600,118214
1438128000,143048
1438214400,123443
1438300800,147352
1438387200,147326
1438473600,103449
1438560000,119687
1438646400,132411
1438732800,133625
1438819200,134695
1438905600,111208
1438992000,101351
1439078400,90392
1439164800,116674
1439251200,114579
1439337600,117772
1439424000,117360
1439510400,111113
1439596800,94807
1439683200,89360
1439769600,114902
1439856000,119657
1439942400,119995
1440028800,118080
1440115200,113627
1440201600,105507
1440288000,94395
1440374400,125213
1440460800,121838
1440547200,122691
1440633600,119942
1440720000,120230
1440806400,107329
1440892800,98189
1440979200,127103
1441065600,130256
1441152000,149906
1441238400,128536
1441324800,103817
1441411200,124071
1441497600,106149
1441584000,125315
1441670400,125243
1441756800,126308
1441843200,124780
1441929600,179844
1442016000,137605
1442102400,145897
1442188800,166563
1442275200,162839
1442361600,167127
1442448000,259135
1442534400,161357
1442620800,114726
1442707200,109030
1442793600,131547
1442880000,136627
1442966400,131242
1443052800,125227
1443139200,128002
1443225600,115475
1443312000,108600
1443398400,138427
1443484800,140490
1443571200,139700
1443657600,134178
1443744000,139608
1443830400,119422
1443916800,103378
1444003200,125395
1444089600,144368
1444176000,134798
1444262400,140208
1444348800,114518
1444435200,126845
1444521600,104404
1444608000,134268
1444694400,134741
1444780800,141833
1444867200,153329
1444953600,143142
1445040000,135775
1445126400,119561
1445212800,143804
1445299200,146221
1445385600,150055
1445472000,147254
1445558400,143319
1445644800,139983
1445731200,131333
1445817600,116236
1445904000,153593
1445990400,160036
1446076800,160911
1446163200,166524
1446249600,155253
1446336000,152335
1446422400,171955
1446508800,186207
1446595200,204043
1446681600,182663
1446768000,166748
1446854400,151345
1446940800,132411
1447027200,159687
1447113600,161816
1447200000,158761
1447286400,157686
1447372800,154667
1447459200,150332
1447545600,143209
1447632000,158143
1447718400,156539
1447804800,165116
1447891200,154347
1447977600,155607
1448064000,150861
1448150400,129487
1448236800,145109
1448323200,152168
1448409600,151713
1448496000,164495
1448582400,160102
1448668800,165522
1448755200,129701
1448841600,182486
1448928000,177945
1449014400,183362
1449100800,164632
1449187200,173433
1449273600,186019
1449360000,179553
1449446400,192683
1449532800,195046
1449619200,220155
1449705600,211820
1449792000,210099
1449878400,203979
1449964800,189772
1450051200,231282
1450137600,223815
1450224000,220257
1450310400,216142
1450396800,213678
1450483200,213719
1450569600,193682
1450656000,229295
1450742400,222567
1450828800,220918
1450915200,210090
1451001600,180221
1451088000,179192
1451174400,160066
1451260800,172978
1451347200,184459
1451433600,176282
1451520000,155220
1451606400,123957
1451692800,148893
1451779200,142463
1451865600,181173
1451952000,182214
1452038400,171949
1452124800,190087
1452211200,181234
1452297600,179817
1452384000,161142
1452470400,191026
1452556800,194704
1452643200,187983
1452729600,183049
1452816000,183520
1452902400,191158
1452988800,203977
1453075200,213732
1453161600,186725
1453248000,208919
1453334400,222606
1453420800,213507
1453507200,190221
1453593600,201254
1453680000,221988
1453766400,230363
1453852800,229522
1453939200,224879
1454025600,224225
1454112000,194607
1454198400,175864
1454284800,222237
1454371200,241542
1454457600,191045
1454544000,200493
1454630400,225300
1454716800,223956
1454803200,212014
1454889600,224607
1454976000,231064
1455062400,235363
1455148800,220742
1455235200,202356
1455321600,184519
1455408000,185922
1455494400,220197
1455580800,215802
1455667200,227080
1455753600,212810
1455840000,217291
1455926400,215578
1456012800,206489
1456099200,237569
1456185600,244612
1456272000,224809
1456358400,216135
1456444800,203495
1456531200,182030
1456617600,233302
1456704000,265187
1456790400,276953
1456876800,270049
1456963200,221517
1457049600,207330
1457136000,234842
1457222400,161591
1457308800,183122
1457395200,200144
1457481600,190220
1457568000,188571
1457654400,189656
1457740800,167869
1457827200,149670
1457913600,191189
1458000000,202265
1458086400,211840
1458172800,208178
1458259200,205886
1458345600,177342
1458432000,177997
1458518400,198867
1458604800,205060
1458691200,186659
1458777600,189947
1458864000,172163
1458950400,158896
1459036800,160125
1459123200,195910
1459209600,197252
1459296000,200881
1459382400,206352
1459468800,211769
1459555200,183364
1459641600,178287
1459728000,208763
1459814400,216021
1459900800,219133
1459987200,218324
1460073600,214047
1460160000,196279
1460246400,186781
1460332800,229887
1460419200,240058
1460505600,223342
1460592000,227764
1460678400,212039
1460764800,181866
1460851200,192270
1460937600,220261
1461024000,226361
1461110400,216615
1461196800,212644
1461283200,210833
1461369600,185072
1461456000,183023
1461542400,217437
1461628800,250593
1461715200,239306
1461801600,247822
1461888000,261726
1461974400,215566
1462060800,191275
1462147200,223628
1462233600,235458
1462320000,233524
1462406400,229418
1462492800,233070
1462579200,201912
1462665600,188857
1462752000,226278
1462838400,245563
1462924800,234279
1463011200,228270
1463097600,231994
1463184000,211136
1463270400,200032
1463356800,239668
1463443200,238485
1463529600,234930
1463616000,219025
1463702400,209247
1463788800,191320
1463875200,184164
1463961600,222574
1464048000,246370
1464134400,247703
1464220800,219956
1464307200,215157
1464393600,192921
1464480000,178595
1464566400,211224
1464652800,215122
1464739200,234241
1464825600,230961
1464912000,234527
1464998400,196546
1465084800,189632
1465171200,221001
1465257600,230876
1465344000,229789
1465430400,236188
1465516800,228223
1465603200,213003
1465689600,210565
1465776000,251193
1465862400,246697
1465948800,259050
1466035200,267721
1466121600,253603
1466208000,235159
1466294400,218121
1466380800,249170
1466467200,248015
1466553600,235512
1466640000,241160
1466726400,237496
1466812800,206757
1466899200,181202
1466985600,216882
1467072000,212459
1467158400,223966
1467244800,231810
1467331200,205646
1467417600,198726
1467504000,176973
1467590400,213749
1467676800,214814
1467763200,214551
1467849600,215411
1467936000,210556
1468022400,185256
1468108800,162452
1468195200,217946
1468281600,218891
1468368000,216374
1468454400,217554
1468540800,215946
1468627200,182035
1468713600,170864
1468800000,222687
1468886400,222018
1468972800,227279
1469059200,217473
1469145600,221275
1469232000,195665
1469318400,183766
1469404800,239584
1469491200,237544
1469577600,235475
1469664000,234727
1469750400,231267
1469836800,199365
1469923200,192100
1470009600,224896
1470096000,250944
1470182400,241616
1470268800,231682
1470355200,228075
1470441600,195503
1470528000,192266
1470614400,235147
1470700800,231276
1470787200,244589
1470873600,254365
1470960000,232824
1471046400,214406
1471132800,200011
1471219200,202750
1471305600,254296
1471392000,237880
1471478400,239387
1471564800,245941
1471651200,208069
1471737600,184741
1471824000,228215
1471910400,238874
1471996800,234978
1472083200,233879
1472169600,226635
1472256000,190954
1472342400,174337
1472428800,225133
1472515200,251838
1472601600,225226
1472688000,237326
1472774400,225703
1472860800,182078
1472947200,183065
1473033600,227543
1473120000,231982
1473206400,250657
1473292800,226862
1473379200,220392
1473465600,193165
1473552000,180227
1473638400,208486
1473724800,239721
1473811200,231644
1473897600,233334
1473984000,210989
1474070400,215366
1474156800,191458
1474243200,223407
1474329600,244164
1474416000,239050
1474502400,231086
1474588800,223051
1474675200,208484
1474761600,195457
1474848000,230616
1474934400,240168
1475020800,234847
1475107200,242587
1475193600,250801
1475280000,213773
1475366400,192542
1475452800,258654
1475539200,264504
1475625600,266644
1475712000,274325
1475798400,266181
1475884800,250503
1475971200,210388
1476057600,222872
1476144000,263426
1476230400,233296
1476316800,229575
1476403200,239588
1476489600,210306
1476576000,197746
1476662400,237107
1476748800,251366
1476835200,198958
1476921600,270246
1477008000,265191
1477094400,216559
1477180800,191434
1477267200,226837
1477353600,236891
1477440000,223178
1477526400,326226
1477612800,250724
1477699200,229540
1477785600,207814
1477872000,241631
1477958400,246506
1478044800,268285
1478131200,271843
1478217600,247927
1478304000,238068
1478390400,225633
1478476800,274135
1478563200,295891
1478649600,269948
1478736000,271206
1478822400,254456
1478908800,228718
1478995200,219515
1479081600,270334
1479168000,280196
1479254400,289618
1479340800,277301
1479427200,275777
1479513600,249618
1479600000,243463
1479686400,285654
1479772800,285501
1479859200,276777
1479945600,328376
1480032000,315235
1480118400,277455
1480204800,237245
1480291200,298366
1480377600,289501
1480464000,292512
1480550400,239536
1480636800,315335
1480723200,287816
1480809600,245502
1480896000,277849
1480982400,319612
1481068800,310580
1481155200,282554
1481241600,268680
1481328000,250109
1481414400,229746
1481500800,268506
1481587200,291579
1481673600,286189
1481760000,282558
1481846400,279228
1481932800,237986
1482019200,235648
1482105600,281978
1482192000,296335
1482278400,325518
1482364800,314485
1482451200,304845
1482537600,240683
1482624000,197199
1482710400,244772
1482796800,296390
1482883200,305230
1482969600,304455
1483056000,286661
1483142400,250125
1483228800,180346
1483315200,290792
1483401600,301500
1483488000,328489
1483574400,288361
1483660800,346244
1483747200,281922
1483833600,259934
1483920000,269811
1484006400,323728
1484092800,302905
1484179200,294953
1484265600,272597
1484352000,242097
1484438400,235832
1484524800,267471
1484611200,292539
1484697600,296950
1484784000,300431
1484870400,298188
1484956800,263381
1485043200,236712
1485129600,235392
1485216000,278028
1485302400,304578
1485388800,313600
1485475200,263162
1485561600,246243
1485648000,241460
1485734400,247264
1485820800,307538
1485907200,350368
1485993600,259402
1486080000,323414
1486166400,284634
1486252800,291942
1486339200,229902
1486425600,325117
1486512000,308170
1486598400,346375
1486684800,301642
1486771200,262547
1486857600,237604
1486944000,288127
1487030400,314915
1487116800,294647
1487203200,283052
1487289600,319616
1487376000,285992
1487462400,251587
1487548800,282580
1487635200,278952
1487721600,282056
1487808000,325763
1487894400,343642
1487980800,326354
1488067200,265025
1488153600,284411
1488240000,325261
1488326400,315739
1488412800,329271
1488499200,337159
1488585600,265648
1488672000,280592
1488758400,287589
1488844800,327749
1488931200,296966
1489017600,303484
1489104000,308326
1489190400,280532
1489276800,220955
1489363200,272934
1489449600,310239
1489536000,292292
1489622400,326881
1489708800,292042
1489795200,263373
1489881600,269171
1489968000,276897
1490054400,287913
1490140800,316434
1490227200,287723
1490313600,289345
1490400000,242842
1490486400,221749
1490572800,232159
1490659200,293846
1490745600,283793
1490832000,288624
1490918400,259268
1491004800,255739
1491091200,244045
1491177600,287965
1491264000,255890
1491350400,316393
1491436800,290318
1491523200,295301
1491609600,226822
1491696000,238127
1491782400,273237
1491868800,307726
1491955200,277951
1492041600,228552
1492128000,290069
1492214400,270555
1492300800,211683
1492387200,245046
1492473600,302945
1492560000,309961
1492646400,267777
1492732800,330187
1492819200,268567
1492905600,244886
1492992000,222547
1493078400,325239
1493164800,334318
1493251200,297737
1493337600,305135
1493424000,341146
1493510400,281338
1493596800,294636
1493683200,333003
1493769600,295017
1493856000,354569
1493942400,267064
1494028800,362854
1494115200,315844
1494201600,364916
1494288000,332724
1494374400,311243
1494460800,294608
1494547200,317544
1494633600,329108
1494720000,368934
1494806400,329059
1494892800,233845
1494979200,317372
1495065600,288762
1495152000,319338
1495238400,352640
1495324800,325910
1495411200,327722
1495497600,367542
1495584000,338488
1495670400,349951
1495756800,333187
1495843200,331746
1495929600,307978
1496016000,321487
1496102400,347782
1496188800,321470
1496275200,319539
1496361600,271393
1496448000,305128
1496534400,265883
1496620800,289766
1496707200,297265
1496793600,339555
1496880000,307212
1496966400,282033
1497052800,254852
1497139200,222746
1497225600,268951
1497312000,291635
1497398400,287504
1497484800,292988
1497571200,269789
1497657600,236409
1497744000,209214
1497830400,269623
1497916800,269300
1498003200,280063
1498089600,269546
1498176000,259778
1498262400,226981
1498348800,180597
1498435200,261764
1498521600,259606
1498608000,279654
1498694400,230934
1498780800,267206
1498867200,221692
1498953600,196351
1499040000,253074
1499126400,255330
1499212800,236859
1499299200,224964
1499385600,243466
1499472000,220670
1499558400,187986
1499644800,251525
1499731200,265586
1499817600,256961
1499904000,245738
1499990400,227764
1500076800,221724
1500163200,203002
1500249600,230167
1500336000,260410
1500422400,253619
1500508800,230037
1500595200,268289
1500681600,223198
1500768000,180859
1500854400,239894
1500940800,243888
1501027200,237706
1501113600,225215
1501200000,247057
1501286400,210977
1501372800,183998
1501459200,230867
1501545600,131726
1501632000,209169
1501718400,212879
1501804800,235613
1501891200,239594
1501977600,199487
1502064000,248849
1502150400,275410
1502236800,260817
1502323200,257831
1502409600,283857
1502496000,260386
1502582400,263162
1502668800,255232
1502755200,310850
1502841600,274736
1502928000,347140
1503014400,312101
1503100800,266681
1503187200,210722
1503273600,236657
1503360000,196194
1503446400,315575
1503532800,203704
1503619200,208068
1503705600,226380
1503792000,261736
1503878400,223642
1503964800,280967
1504051200,271298
1504137600,280561
1504224000,283496
1504310400,236647
1504396800,195135
1504483200,269105
1504569600,277751
1504656000,276063
1504742400,256198
1504828800,279313
1504915200,217721
1505001600,193102
1505088000,253318
1505174400,256042
1505260800,263130
1505347200,267894
1505433600,291899
1505520000,228088
1505606400,197507
1505692800,218077
1505779200,282761
1505865600,235606
1505952000,255081
1506038400,227476
1506124800,203695
1506211200,185132
1506297600,226478
1506384000,263510
1506470400,257814
1506556800,275799
1506643200,254269
1506729600,212540
1506816000,203523
1506902400,294852
1506988800,281949
1507075200,232692
1507161600,273118
1507248000,283540
1507334400,231068
1507420800,238203
1507507200,296785
1507593600,302941
1507680000,292320
1507766400,293011
1507852800,309683
1507939200,292999
1508025600,283278
1508112000,314551
1508198400,334274
1508284800,329428
1508371200,356807
1508457600,312230
1508544000,312104
1508630400,288949
1508716800,315925
1508803200,347053
1508889600,315230
1508976000,265647
1509062400,246588
1509148800,206981
1509235200,333871
1509321600,315930
1509408000,277397
1509494400,351373
1509580800,341324
1509667200,277479
1509753600,293991
1509840000,251587
1509926400,270896
1510012800,335480
1510099200,301202
1510185600,341128
1510272000,271625
1510358400,194554
1510444800,185886
1510531200,309159
1510617600,271867
1510704000,321636
1510790400,310244
1510876800,306450
1510963200,270738
1511049600,264695
1511136000,336029
1511222400,370918
1511308800,311885
1511395200,352050
1511481600,305586
1511568000,336533
1511654400,329524
1511740800,379086
1511827200,365821
1511913600,397917
1512000000,384219
1512086400,412725
1512172800,326193
1512259200,352868
1512345600,400505
1512432000,405531
1512518400,443399
1512604800,374765
1512691200,384936
1512777600,403225
1512864000,341256
1512950400,368427
1513036800,372821
1513123200,424393
1513209600,490459
1513296000,405507
1513382400,364051
1513468800,391725
1513555200,394057
1513641600,378482
1513728000,370141
1513814400,335350
1513900800,380493
1513987200,308072
1514073600,279371
1514160000,228791
1514246400,247298
1514332800,307486
1514419200,304904
1514505600,353659
1514592000,344260
1514678400,290259
1514764800,241601
1514851200,340809
1514937600,395806
1515024000,424840
1515110400,342564
1515196800,358679
1515283200,368025
1515369600,345506
1515456000,360101
1515542400,347227
1515628800,337766
1515715200,299913
1515801600,265586
1515888000,234890
1515974400,273473
1516060800,303566
1516147200,315604
1516233600,309322
1516320000,243454
1516406400,240433
1516492800,215435
1516579200,245395
1516665600,271759
1516752000,250247
1516838400,236422
1516924800,220304
1517011200,193421
1517097600,213288
1517184000,232028
1517270400,236442
1517356800,204159
1517443200,257504
1517529600,235750
1517616000,194733
1517702400,173509
1517788800,216178
1517875200,243950
1517961600,213578
1518048000,173158
1518134400,177725
1518220800,181640
1518307200,147057
1518393600,186752
1518480000,182820
1518566400,196238
1518652800,198052
1518739200,187581
1518825600,173640
1518912000,159333
1518998400,187205
1519084800,198314
1519171200,205032
1519257600,183086
1519344000,185045
1519430400,154389
1519516800,144698
1519603200,186333
1519689600,219464
1519776000,189068
1519862400,233579
1519948800,194917
1520035200,176844
1520121600,160083
1520208000,201289
1520294400,205860
1520380800,213821
1520467200,196260
1520553600,198034
1520640000,156088
1520726400,150731
1520812800,188233
1520899200,195982
1520985600,190898
1521072000,206042
1521158400,186823
1521244800,154347
1521331200,164250
1521417600,191373
1521504000,195041
1521590400,194694
1521676800,185044
1521763200,179685
1521849600,156931
1521936000,135139
1522022400,187700
1522108800,186913
1522195200,177386
1522281600,192259
1522368000,185778
1522454400,148489
1522540800,134967
1522627200,168022
1522713600,198756
1522800000,185563
1522886400,181676
1522972800,172751
1523059200,154459
1523145600,138374
1523232000,176416
1523318400,186251
1523404800,183087
1523491200,210725
1523577600,217117
1523664000,161706
1523750400,173868
1523836800,195965
1523923200,201658
1524009600,200580
1524096000,213345
1524182400,207640
1524268800,193816
1524355200,171710
1524441600,226200
1524528000,254334
1524614400,213032
1524700800,216591
1524787200,210977
1524873600,203553
1524960000,180640
1525046400,214952
1525132800,199801
1525219200,212156
1525305600,228370
1525392000,218931
1525478400,202542
1525564800,171624
1525651200,204913
1525737600,217671
1525824000,206419
1525910400,208807
1525996800,213497
1526083200,181889
1526169600,158646
1526256000,209565
1526342400,214633
1526428800,208284
1526515200,192551
1526601600,211348
1526688000,173120
1526774400,158519
1526860800,202490
1526947200,203186
1527033600,223034
1527120000,206682
1527206400,196005
1527292800,158621
1527379200,144140
1527465600,188907
1527552000,204630
1527638400,203903
1527724800,209356
1527811200,205315
1527897600,174345
1527984000,163280
1528070400,209733
1528156800,212726
1528243200,206270
1528329600,207484
1528416000,200234
1528502400,171163
1528588800,179682
1528675200,213056
1528761600,214450
1528848000,211686
1528934400,209876
1529020800,205708
1529107200,158924
1529193600,144751
1529280000,196141
1529366400,191650
1529452800,198734
1529539200,197943
1529625600,203993
1529712000,163135
1529798400,157851
1529884800,200016
1529971200,195258
1530057600,188389
1530144000,187467
1530230400,197730
1530316800,180924
1530403200,156100
1530489600,199153
1530576000,216631
1530662400,206654
1530748800,199463
1530835200,200833
1530921600,170004
1531008000,155527
1531094400,206410
1531180800,215914
1531267200,202468
1531353600,203394
1531440000,207761
1531526400,176342
1531612800,161018
1531699200,207722
1531785600,233807
1531872000,238595
1531958400,224868
1532044800,225375
1532131200,184666
1532217600,166947
1532304000,229314
1532390400,259199
1532476800,250031
1532563200,231514
1532649600,229230
1532736000,188093
1532822400,168237
1532908800,230790
1532995200,242830
1533081600,240894
1533168000,224720
1533254400,229693
1533340800,191481
1533427200,172021
1533513600,218476
1533600000,232894
1533686400,235154
1533772800,222177
1533859200,225972
1533945600,192268
1534032000,164889
1534118400,222079
1534204800,247486
1534291200,245905
1534377600,232177
1534464000,233642
1534550400,190775
1534636800,167255
1534723200,214833
1534809600,217629
1534896000,230173
1534982400,217203
1535068800,219702
1535155200,196285
1535241600,172574
1535328000,223471
1535414400,237886
1535500800,237369
1535587200,231237
1535673600,236921
1535760000,213180
1535846400,187001
1535932800,222753
1536019200,232139
1536105600,246345
1536192000,252111
1536278400,230638
1536364800,204278
1536451200,188749
1536537600,222731
1536624000,237430
1536710400,233107
1536796800,234061
1536883200,223118
1536969600,210931
1537056000,179344
1537142400,240017
1537228800,244117
1537315200,250881
1537401600,253520
1537488000,272907
1537574400,225382
1537660800,200169
1537747200,237522
1537833600,251944
1537920000,243788
1538006400,248543
1538092800,254085
1538179200,218187
1538265600,208047
1538352000,242662
1538438400,244635
1538524800,242158
1538611200,243007
1538697600,244589
1538784000,214718
1538870400,219589
1538956800,247906
1539043200,235732
1539129600,244801
1539216000,262308
1539302400,243042
1539388800,204956
1539475200,191145
1539561600,266783
1539648000,257832
1539734400,260224
1539820800,253312
1539907200,253684
1539993600,227678
1540080000,211367
1540166400,255169
1540252800,253309
1540339200,253978
1540425600,254462
1540512000,252859
1540598400,233613
1540684800,219720
1540771200,269608
1540857600,283173
1540944000,288120
1541030400,281787
1541116800,292561
1541203200,249403
1541289600,226124
1541376000,296139
1541462400,285323
1541548800,293604
1541635200,277476
1541721600,283769
1541808000,252368
1541894400,246845
1541980800,299866
1542067200,279040
1542153600,292620
1542240000,291398
1542326400,282998
1542412800,262504
1542499200,239680
1542585600,267845
1542672000,288318
1542758400,254837
1542844800,265994
1542931200,275136
1543017600,249874
1543104000,239129
1543190400,256951
1543276800,268402
1543363200,254338
1543449600,246121
1543536000,250056
1543622400,241723
1543708800,222559
1543795200,240538
1543881600,270051
1543968000,256371
1544054400,279519
1544140800,253776
1544227200,230977
1544313600,238441
1544400000,258229
1544486400,251362
1544572800,261303
1544659200,268291
1544745600,275655
1544832000,262730
1544918400,226338
1545004800,298663
1545091200,266117
1545177600,302243
1545264000,287138
1545350400,280448
1545436800,251041
1545523200,250563
1545609600,272145
1545696000,264893
1545782400,281148
1545868800,299846
1545955200,308100
1546041600,264842
1546128000,267463
1546214400,259529
1546300800,234576
1546387200,271545
1546473600,290861
1546560000,281623
1546646400,265029
1546732800,258381
1546819200,284641
1546905600,318355
1546992000,318892
1547078400,327182
1547164800,308224
1547251200,281364
1547337600,276860
1547424000,326536
1547510400,302147
1547596800,305569
1547683200,296568
1547769600,305827
1547856000,282055
1547942400,293961
1548028800,315052
1548115200,295910
1548201600,293348
1548288000,307984
1548374400,300947
1548460800,288135
1548547200,276514
1548633600,307917
1548720000,326016
1548806400,321844
1548892800,353790
1548979200,339183
1549065600,321888
1549152000,300033
1549238400,335141
1549324800,353922
1549411200,349432
1549497600,352872
1549584000,335117
1549670400,310742
1549756800,299469
1549843200,315580
1549929600,271445
1550016000,352498
1550102400,354342
1550188800,296602
1550275200,331987
1550361600,327304
1550448000,344119
1550534400,348086
1550620800,314190
1550707200,297476
1550793600,350144
1550880000,328096
1550966400,320309
1551052800,336491
1551139200,366407
1551225600,344419
1551312000,367677
1551398400,354260
1551484800,335732
1551571200,353537
1551657600,304051
1551744000,285567
1551830400,277735
1551916800,282381
1552003200,285118
1552089600,239354
1552176000,212741
1552262400,294599
1552348800,285510
1552435200,285822
1552521600,299774
1552608000,296817
1552694400,262104
1552780800,227144
1552867200,291344
1552953600,304570
1553040000,304799
1553126400,300569
1553212800,298363
1553299200,251428
1553385600,226016
1553472000,322043
1553558400,366281
1553644800,383037
1553731200,393552
1553817600,369670
1553904000,377644
1553990400,381513
1554076800,368768
1554163200,401350
1554249600,360108
1554336000,354520
1554422400,386932
1554508800,359430
1554595200,350490
1554681600,372269
1554768000,345939
1554854400,396353
1554940800,402645
1555027200,376616
1555113600,366941
1555200000,336908
1555286400,381328
1555372800,358372
1555459200,350599
1555545600,382832
1555632000,361976
1555718400,319709
1555804800,390573
1555891200,341880
1555977600,311637
1556064000,404116
1556150400,383946
1556236800,381058
1556323200,358871
1556409600,383128
1556496000,363044
1556582400,346346
1556668800,439378
1556755200,452462
1556841600,382880
1556928000,355778
1557014400,330603
1557100800,378325
1557187200,329816
1557273600,392929
1557360000,361419
1557446400,322838
1557532800,344827
1557619200,338413
1557705600,390261
1557792000,367218
1557878400,368752
1557964800,374916
1558051200,361503
1558137600,359551
1558224000,346696
1558310400,381421
1558396800,380736
1558483200,394720
1558569600,389185
1558656000,373729
1558742400,338258
1558828800,373907
1558915200,399417
1559001600,390263
1559088000,404981
1559174400,376714
1559260800,298880
1559347200,331941
1559433600,300872
1559520000,293890
1559606400,374609
1559692800,372788
1559779200,364369
1559865600,349853
1559952000,294245
1560038400,300770
1560124800,353472
1560211200,340306
1560297600,328333
1560384000,364222
1560470400,364214
1560556800,330808
1560643200,295124
1560729600,320939
1560816000,394680
1560902400,400855
1560988800,329959
1561075200,337608
1561161600,353934
1561248000,379907
1561334400,388165
1561420800,361239
1561507200,399459
1561593600,360908
1561680000,406931
1561766400,356508
1561852800,330579
1561939200,336719
1562025600,373251
1562112000,397382
1562198400,370537
1562284800,378264
1562371200,348496
1562457600,313120
1562544000,378788
1562630400,365434
1562716800,315535
1562803200,325647
1562889600,360735
1562976000,304404
1563062400,303142
1563148800,348965
1563235200,363175
1563321600,324759
1563408000,315624
1563494400,299773
1563580800,322825
1563667200,283785
1563753600,319241
1563840000,320209
1563926400,295450
1564012800,336386
1564099200,319446
1564185600,283740
1564272000,272799
1564358400,333451
1564444800,328233
1564531200,361166
1564617600,335801
1564704000,349387
1564790400,327415
1564876800,298638
1564963200,338993
1565049600,368187
1565136000,370756
1565222400,336039
1565308800,340978
1565395200,303987
1565481600,273127
1565568000,297313
1565654400,370590
1565740800,359845
1565827200,355487
1565913600,323478
1566000000,288128
1566086400,276239
1566172800,330310
1566259200,333151
1566345600,308672
1566432000,322312
1566518400,340067
1566604800,304321
1566691200,288779
1566777600,318082
1566864000,325849
1566950400,341049
1567036800,346569
1567123200,349040
1567209600,342029
1567296000,285325
1567382400,327099
1567468800,370467
1567555200,324605
1567641600,352245
1567728000,365373
1567814400,314279
1567900800,288330
1567987200,316706
1568073600,339676
1568160000,338092
1568246400,335710
1568332800,308706
1568419200,299739
1568505600,273999
1568592000,347178
1568678400,343630
1568764800,363011
1568851200,345962
1568937600,340778
1569024000,335847
1569110400,318547
1569196800,288035
1569283200,353106
1569369600,347591
1569456000,355604
1569542400,303771
1569628800,314274
1569715200,285406
1569801600,311266
1569888000,337101
1569974400,326409
1570060800,326367
1570147200,337075
1570233600,326525
1570320000,277464
1570406400,328648
1570492800,336192
1570579200,310911
1570665600,344886
1570752000,345269
1570838400,301560
1570924800,279345
1571011200,304331
1571097600,339545
1571184000,338330
1571270400,333955
1571356800,339230
1571443200,304594
1571529600,289650
1571616000,351632
1571702400,341295
1571788800,349152
1571875200,303710
1571961600,328460
1572048000,305582
1572134400,256138
1572220800,309477
1572307200,307820
1572393600,314029
1572480000,293647
1572566400,316057
1572652800,284309
1572739200,294229
1572825600,310847
1572912000,332695
1572998400,314566
1573084800,324352
1573171200,311313
1573257600,306019
1573344000,299546
1573430400,326556
1573516800,301247
1573603200,318810
1573689600,349854
1573776000,324987
1573862400,283320
1573948800,264216
1574035200,304531
1574121600,327483
1574208000,320944
1574294400,323817
1574380800,310407
1574467200,306251
1574553600,267237
1574640000,279345
1574726400,321188
1574812800,317458
1574899200,309460
1574985600,311154
1575072000,277332
1575158400,274482
1575244800,314585
1575331200,336354
1575417600,337117
1575504000,311323
1575590400,315241
1575676800,285129
1575763200,278705
1575849600,313481
1575936000,319916
1576022400,291116
1576108800,311662
1576195200,322736
1576281600,293345
1576368000,263317
1576454400,326928
1576540800,319113
1576627200,314115
1576713600,319398
1576800000,332501
1576886400,310942
1576972800,280901
1577059200,304702
1577145600,290311
1577232000,244538
1577318400,295896
1577404800,322059
1577491200,298138
1577577600,279770
1577664000,324331
1577750400,293302
1577836800,251561
1577923200,295426
1578009600,316348
1578096000,287047
1578182400,287616
1578268800,299011
1578355200,343903
1578441600,317877
1578528000,321900
1578614400,330585
1578700800,308907
1578787200,282985
1578873600,291454
1578960000,346808
1579046400,332507
1579132800,325788
1579219200,323833
1579305600,287105
1579392000,283810
1579478400,313509
1579564800,315057
1579651200,328430
1579737600,329759
1579824000,313735
1579910400,285420
1579996800,261104
1580083200,279111
1580169600,339910
1580256000,340402
1580342400,332402
1580428800,334290
1580515200,303573
1580601600,290736
1580688000,330864
1580774400,309058
1580860800,368445
1580947200,315235
1581033600,334799
1581120000,318224
1581206400,316917
1581292800,297982
1581379200,365435
1581465600,344473
1581552000,339940
1581638400,325943
1581724800,322579
1581811200,292094
1581897600,341334
1581984000,330900
1582070400,334664
1582156800,316500
1582243200,338330
1582329600,304449
1582416000,285437
1582502400,328749
1582588800,334449
1582675200,329831
1582761600,338634
1582848000,368432
1582934400,307388
1583020800,309672
1583107200,342672
1583193600,342171
1583280000,358578
1583366400,349366
1583452800,338228
1583539200,313155
1583625600,302536
1583712000,348061
1583798400,329566
1583884800,287373
1583971200,349827
1584057600,276673
1584144000,279700
1584230400,223111
1584316800,270280
1584403200,278203
1584489600,231154
1584576000,265582
1584662400,284485
1584748800,245772
1584835200,209027
1584921600,259704
1585008000,277999
1585094400,218084
1585180800,292668
1585267200,276391
1585353600,240492
1585440000,232669
1585526400,276681
1585612800,290068
1585699200,281702
1585785600,299023
1585872000,278631
1585958400,253117
1586044800,240084
1586131200,280342
1586217600,312602
1586304000,286419
1586390400,286552
1586476800,288422
1586563200,247693
1586649600,228376
1586736000,287942
1586822400,299223
1586908800,310084
1586995200,322749
1587081600,284095
1587168000,288976
1587254400,251832
1587340800,310649
1587427200,310702
1587513600,278624
1587600000,328903
1587686400,319911
1587772800,280669
1587859200,252696
1587945600,311076
1588032000,323321
1588118400,331256
1588204800,321837
1588291200,340433
1588377600,286625
1588464000,281584
1588550400,325940
1588636800,328917
1588723200,333241
1588809600,341839
1588896000,323488
1588982400,312263
1589068800,286619
1589155200,305682
1589241600,345069
1589328000,296677
1589414400,268636
1589500800,310517
1589587200,296429
1589673600,236706
1589760000,273595
1589846400,274782
1589932800,279922
1590019200,298352
1590105600,278673
1590192000,269111
1590278400,214414
1590364800,265750
1590451200,295658
1590537600,292789
1590624000,299779
1590710400,280833
1590796800,285890
1590883200,258277
1590969600,308178
1591056000,303985
1591142400,313861
1591228800,318134
1591315200,326903
1591401600,284677
1591488000,252209
1591574400,317113
1591660800,326914
1591747200,324999
1591833600,332305
1591920000,318111
1592006400,280023
1592092800,275553
1592179200,294330
1592265600,340367
1592352000,333409
1592438400,280480
1592524800,347293
1592611200,283986
1592697600,259294
1592784000,301253
1592870400,355098
1592956800,312182
1593043200,312042
1593129600,330217
1593216000,275351
1593302400,264759
1593388800,315279
1593475200,299586
1593561600,382408
1593648000,339305
1593734400,330846
1593820800,288490
1593907200,273941
1593993600,338613
1594080000,345814
1594166400,347304
1594252800,362554
1594339200,345835
1594425600,306615
1594512000,282212
1594598400,310080
1594684800,359703
1594771200,315926
1594857600,345713
1594944000,293789
1595030400,310892
1595116800,276962
1595203200,309606
1595289600,312746
1595376000,364648
1595462400,336109
1595548800,369271
1595635200,293741
1595721600,298422
1595808000,326620
1595894400,354597
1595980800,346373
1596067200,327654
1596153600,356753
1596240000,296568
1596326400,287728
1596412800,333591
1596499200,328887
1596585600,291685
1596672000,356456
1596758400,326347
1596844800,283489
1596931200,268246
1597017600,308230
1597104000,349798
1597190400,346248
1597276800,325199
1597363200,365512
1597449600,313604
1597536000,284917
1597622400,292819
1597708800,345896
1597795200,336838
1597881600,333537
1597968000,314142
1598054400,311563
1598140800,288571
1598227200,328984
1598313600,304281
1598400000,324042
1598486400,328028
1598572800,352559
1598659200,292637
1598745600,268987
1598832000,302770
1598918400,376354
1599004800,317305
1599091200,310793
1599177600,298151
1599264000,325382
1599350400,262670
1599436800,327487
1599523200,332513
1599609600,314715
1599696000,345823
1599782400,308185
1599868800,299982
1599955200,254948
1600041600,353844
1600128000,332801
1600214400,342454
1600300800,348403
1600387200,324992
1600473600,296208
1600560000,258953
1600646400,297460
1600732800,312860
1600819200,349796
1600905600,316415
1600992000,352901
1601078400,276012
1601164800,259230
1601251200,295347
1601337600,347555
1601424000,351261
1601510400,304633
1601596800,315307
1601683200,310704
1601769600,267861
1601856000,294846
1601942400,317792
1602028800,370403
1602115200,330065
1602201600,339201
1602288000,298343
1602374400,255956
1602460800,314025
1602547200,333049
1602633600,314392
1602720000,340842
1602806400,324492
1602892800,274912
1602979200,231437
1603065600,303804
1603152000,330419
1603238400,311162
1603324800,338950
1603411200,323738
1603497600,306622
1603584000,242156
1603670400,252384
1603756800,251839
1603843200,261240
1603929600,275962
1604016000,268253
1604102400,275683
1604188800,276155
1604275200,224514
1604361600,331533
1604448000,320538
1604534400,318521
1604620800,340198
1604707200,270755
1604793600,242909
1604880000,326198
1604966400,303123
1605052800,322130
1605139200,324695
1605225600,299901
1605312000,273369
1605398400,252565
1605484800,311317
1605571200,347615
1605657600,361838
1605744000,310924
1605830400,347858
1605916800,311020
1606003200,270951
1606089600,297693
1606176000,333157
1606262400,361835
1606348800,323825
1606435200,322291
1606521600,293795
1606608000,263423
1606694400,256438
1606780800,377916
1606867200,326888
1606953600,346764
1607040000,318750
1607126400,282455
1607212800,258488
1607299200,300756
1607385600,330826
1607472000,320940
1607558400,313519
1607644800,304597
1607731200,295278
1607817600,276004
1607904000,314205
1607990400,320300
1608076800,315074
1608163200,309352
1608249600,375392
1608336000,343378
1608422400,281892
1608508800,269698
1608595200,324020
1608681600,338309
1608768000,269433
1608854400,303757
1608940800,273817
1609027200,308857
1609113600,308823
1609200000,336159
1609286400,338086
1609372800,344752
1609459200,257931
1609545600,296960
1609632000,358958
1609718400,373561
1609804800,353934
1609891200,397207
1609977600,401576
1610064000,358378
1610150400,321250
1610236800,331706
1610323200,333804
1610409600,336479
1610496000,319015
1610582400,338662
1610668800,343847
1610755200,308314
1610841600,271741
1610928000,313671
1611014400,324934
1611100800,314668
1611187200,290625
1611273600,323727
1611360000,308120
1611446400,253832
1611532800,308962
1611619200,336774
1611705600,323411
1611792000,325001
1611878400,340884
1611964800,312177
1612051200,290609
1612137600,277460
1612224000,367682
1612310400,344275
1612396800,367628
1612483200,360372
1612569600,333727
1612656000,286208
1612742400,335061
1612828800,359994
1612915200,340615
1613001600,304610
1613088000,343164
1613174400,336467
1613260800,295280
1613347200,311170
1613433600,296267
1613520000,317528
1613606400,316815
1613692800,341433
1613779200,320329
1613865600,271504
1613952000,285250
1614038400,287757
1614124800,357933
1614211200,325960
1614297600,306277
1614384000,320627
1614470400,254185
1614556800,280355
1614643200,338007
1614729600,333250
1614816000,289503
1614902400,317631
1614988800,287811
1615075200,260593
1615161600,291800
1615248000,299542
1615334400,344539
1615420800,291113
1615507200,320594
1615593600,276929
1615680000,307893
1615766400,292083
1615852800,319344
1615939200,295983
1616025600,331566
1616112000,316032
1616198400,286794
1616284800,234780
1616371200,297259
1616457600,314073
1616544000,304941
1616630400,318408
1616716800,293474
1616803200,288100
1616889600,248446
1616976000,303154
1617062400,320944
1617148800,332592
1617235200,311794
1617321600,305648
1617408000,281586
1617494400,245861
1617580800,288890
1617667200,309421
1617753600,321162
1617840000,278400
1617926400,324568
1618012800,298929
1618099200,253304
1618185600,291225
1618272000,310071
1618358400,297359
1618444800,359268
1618531200,219601
1618617600,194489
1618704000,274611
1618790400,208316
1618876800,279849
1618963200,225920
1619049600,274467
1619136000,295596
1619222400,290545
1619308800,240900
1619395200,240573
1619481600,297967
1619568000,276984
1619654400,259343
1619740800,289244
1619827200,262852
1619913600,235029
1620000000,286830
1620086400,300643
1620172800,309617
1620259200,311210
1620345600,307816
1620432000,274520
1620518400,247680
1620604800,303117
1620691200,311943
1620777600,300280
1620864000,276311
1620950400,265921
1621036800,231976
1621123200,219303
1621209600,250789
1621296000,220918
1621382400,263294
1621468800,227927
1621555200,226241
1621641600,223684
1621728000,194201
1621814400,234629
1621900800,233521
1621987200,230631
1622073600,213918
1622160000,218192
1622246400,198216
1622332800,179651
1622419200,226328
1622505600,234419
1622592000,250423
1622678400,255474
1622764800,236541
1622851200,194449
1622937600,185155
1623024000,235346
1623110400,246757
1623196800,210785
1623283200,252865
1623369600,216397
1623456000,222642
1623542400,186966
1623628800,242281
1623715200,241730
1623801600,252814
1623888000,237595
1623974400,222794
1624060800,186939
1624147200,167144
1624233600,204945
1624320000,196432
1624406400,232603
1624492800,233173
1624579200,218135
1624665600,181539
1624752000,121480
1624838400,220912
1624924800,205526
1625011200,215216
1625097600,233587
1625184000,188478
1625270400,237336
1625356800,171735
1625443200,223628
1625529600,228137
1625616000,221104
1625702400,230580
1625788800,227380
1625875200,187102
1625961600,166019
1626048000,220143
1626134400,229780
1626220800,236047
1626307200,226106
1626393600,223316
1626480000,181904
1626566400,160978
1626652800,226633
1626739200,230387
1626825600,235535
1626912000,230129
1626998400,230995
1627084800,197937
1627171200,174382
1627257600,261800
1627344000,255051
1627430400,251066
1627516800,262452
1627603200,255251
1627689600,207190
1627776000,185003
1627862400,239134
1627948800,246029
1628035200,239460
1628121600,246015
1628208000,260651
1628294400,212062
1628380800,191465
1628467200,252508
1628553600,260803
1628640000,262290
1628726400,250810
1628812800,260482
1628899200,208910
1628985600,186057
1629072000,263368
1629158400,257594
1629244800,247198
1629331200,253293
